# so_probe WRAM $0000-$00FF integro, un fotograma por fila. fr	master	wram0hex
1	306900	47D0A418A9726B4FF37D7FA94982277EAF0131FC73CE27EAFB185007205263BC7D6BB003E82DB4E19DD2872C8618A21369DBBD8C283FA9C9FF5FE69EF5E40C5856D93689577BF6E85D03C10ECE89AA6CC78A6824BF28A01390F41667E1DEC574C390CE5A7F6E637B017A487CDAE88F70282A6703E6A7568774F3D73BCDF5529A4CAD694E553FF788C96F8AACE75063B4E15D12D69F5044593A7D784D0DBE0A26F08BDDC6140F8DDF85DB02DB32539108473CE00A20B992C2E04FD0551BA7AC44EF94E89EAF91AABF9F44B3D0027DCD4F19BA86B261FF435E80176C28DFF5AC0519AAEB5E70AAACE8E71FB5DAB94779E8AB8EED0458C7190683610BB3A3FA70FF
2	664268	47D0A418A9726B4FF37D7FA94982277EAF0131FC73CE27EAFB185007205263BC7D6BB003E82DB4E19DD2872C8618A21369DBBD8C283FA9C9FF5FE69EF5E40C5856D93689577BF6E85D03C10ECE89AA6CC78A6824BF28A01390F41667E1DEC574C390CE5A7F6E637B017A487CDAE88F70282A6703E6A7568774F3D73BCDF5529A4CAD694E553FF788C96F8AACE75063B4E15D12D69F5044593A7D784D0DBE0A26F08BDDC6140F8DDF85DB02DB32539108473CE00A20B992C2E04FD0551BA7AC44EF94E89EAF91AABF9F44B3D0027DCD4F19BA86B261FF435E80176C28DFF5AC0519AAEB5E70AAACE8E71FB5DAB94779E8AB8EED0458C7190683610BB3A3FA70FF
3	1021632	47D0A418A9726B4FF37D7FA900000000AF0131FC73CE27EAFB185007205263BC7D6BB003E82DB4E19DD2872C8618A21369DBBD8C283FA9C9FF5FE69EF5E40C5856D93689577BF6E85D03C10ECE89AA6CC78A6824BF28A01390F41667E1DEC574C390CE5A7F6E637B017A487CDAE88F70282A6703E6A7568774F3D73BCDF5529A4CAD694E553FF788C96F8AACE75063B4E15D12D69F5044593A7D784D0DBE0A26F08BDDC6140F8DDF85DB02DB32539108473CE00A20B992C2E04FD0551BA7AC44EF94E89EAF91AABF9F44B3D0027DCD4F19BA86B261FF435E80176C28DFF5AC0519AAEB5E70AAACE8E71FB5DAB94779E8AB8EED0458C7190683610BB3A3FA70FF
4	1379000	47D0A418A9726B4FF37D7FA900000000AF0131FC73CE27EAFB185007205263BC7D6BB003E82DB4E19DD2872C8618A21369DBBD8C283FA9C9FF5FE69EF5E40C5856D93689577BF6E85D03C10ECE89AA6CC78A6824BF28A01390F41667E1DEC574C390CE5A7F6E637B017A487CDAE88F70282A6703E6A7568774F3D73BCDF5529A4CAD694E553FF788C96F8AACE75063B4E15D12D69F5044593A7D784D0DBE0A26F08BC944EF00100085DB02DB32539108470800E320B90900E34FD0551BA7AC44EF94E89EAF91AABF9F44B3D0027DCD4F19BA86B261FF435E80176C28DFF5AC0519AAEB5E70AAACE8E71FB5DAB94779E8AB8EED0458C7190683610BB3A3FA70FF
5	1736364	47D0A418A9726B4FF37D7FA900000000AF0131FC73CE27EAFB185007205263BC7D6BB003E82DB4E19DD2872C8618A21369DBBD8C283FA9C9FF5FE69EF5E40C5856D93689577BF6E85D03C10ECE89AA6CC78A6824BF28A01390F41667E1DEC574C390CE5A7F6E637B017A487CDAE88F70282A6703E6A7568774F3D73BCDF5529A4CAD694E553FF788C96F8AACE75063B4E15D12D69F5044593A7D784D0DBE0A26F08BC9443700000085DB02DB32539108470800E320B90900E34FD0551BA7AC44EF94E89EAF91AABF9F44B3D0027DCD4F19BA86B261FF435E80176C28DFF5AC0519AAEB5E70AAACE8E71FB5DAB94779E8AB8EED0458C7190683610BB3A3FA70FF
6	2093732	47D0A418A9726B4FF37D7FA900000000AF0131FC73CE27EAFB185007205263BC7D6BB003E82DB4E19DD2872C8618A21369DBBD8C283FA9C9FF5FE69EF5E40C5856D93689577BF6E85D03C10ECE89AA6CC78A6824BF28A01390F41667E1DEC574C390CE5A7F6E637B017A487CDAE88F70282A6703E6A7568774F3D73BCDF5529A4CAD694E553FF788C96F8AACE75063B4E15D12D69F5044593A7D784D0DBE0A26F08BC9443B00400085DB02DB32539108470800E320B90900E34FD0551BA7AC44EF94E89EAF91AABF9F44B3D0027DCD4F19BA86B261FF435E80176C28DFF5AC0519AAEB5E70AAACE8E71FB5DAB94779E8AB8EED0458C7190683610BB3A3FA70FF
7	2451096	47D0A418A9726B4FF37D7FA900000000AF0131FC73CE27EAFB185007205263BC7D6BB003E82DB4E19DD2872C8618A21369DBBD8C283FA9C9FF5FE69EF5E40C5856D93689577BF6E85D03C10ECE89AA6CC78A6824BF28A01390F41667E1DEC574C390CE5A7F6E637B017A487CDAE88F70282A6703E6A7568774F3D73BCDF5529A4CAD694E553FF788C96F8AACE75063B4E15D12D69F5044593A7D784D0DBE0A26F08BC944FF00100085DB02DB32539108470800E320B90900E34FD0551BA7AC44EF94E89EAF91AABF9F44B3D0027DCD4F19BA86B261FF435E80176C28DFF5AC0519AAEB5E70AAACE8E71FB5DAB94779E8AB8EED0458C7190683610BB3A3FA70FF
8	2808464	47D0A418A9726B4FF37D7FA900000000AF0131FC73CE27EAFB185007205263BC7D6BB003E82DB4E19DD2872C8618A21369DBBD8C283FA9C9FF5FE69EF5E40C5856D93689577BF6E85D03C10ECE89AA6CC78A6824BF28A01390F41667E1DEC574C390CE5A7F6E637B017A487CDAE88F70282A6703E6A7568774F3D73BCDF5529A4CAD694E553FF788C96F8AACE75063B4E15D12D69F5044593A7D784D0DBE0A26F08BC9440100000085DB02DB32539108470800E320B90900E34FD0551BA7AC44EF94E89EAF91AABF9F44B3D0027DCD4F19BA86B261FF435E80176C28DFF5AC0519AAEB5E70AAACE8E71FB5DAB94779E8AB8EED0458C7190683610BB3A3FA70FF
9	3165828	47D0A418A9726B4FF37D7FA900000000AF0131FC73CE27EAFB185007205263BC7D6BB003E82DB4E19DD2872C8618A21369DBBD8C283FA9C9FF5FE69EF5E40C5856D93689577BF6E85D03C10ECE89AA6CC78A6824BF28A01390F41667E1DEC574C390CE5A7F6E637B017A487CDAE88F70282A6703E6A7568774F3D73BCDF5529A4CAD694E553FF788C96F8AACE75063B4E15D12D69F5044593A7D784D0DBE0A26F08BC9440000100085DB02DB32539108470800E320B90900E34FD0551BA7AC44EF94E89EAF91AABF9F44B3D0027DCD4F19BA86B261FF435E80176C28DFF5AC0519AAEB5E70AAACE8E71FB5DAB94779E8AB8EED0458C7190683610BB3A3FA70FF
10	3523196	00007F18A9726B4FF37D7FA900000000AF0131FC73CE27EAFB185007205263BC7D6BB003E82DB4E19DD2872C8618A21369DBBD8C283FA9C9FF5FE69EF5E40C5856D93689577BF6E85D03000ECE89AA6CC78A6824BF28A01390F41667E1DEC574C390CE5A7F6E637B017A487CDAE88F70282A6703E6A7568774F3D73BCDF5529A4CAD694E553FF788C96F8AACE75063B4E15D12D69F5044593A7D784D0DBE0A26F08BC9448000000085DB02DB32539108470800E320B90900E34FD0551BA7AC44EF94E89EAF91AABF9F44B3D0027DCD4F19BA86B261FF435E80176C28DFF5AC0519AAEB5E70AAACE8E71FB5DAB94779E8AB8EED0458C7190683610BB3A3FA70FF
11	3880560	00007F18A9726B4FF37D7FA900000000AF0131FC73CE27EAFB185007205263BC7D6BB003E82DB4E19DD2872C8618A21369DBBD8C283FA9C9FF5FE69EF5E40C5856D93689577BF6E85D03000ECE89AA6CC78A6824BF28A01390F41667E1DEC574C390CE5A7F6E637B017A487CDAE88F70282A6703E6A7568774F3D73BCDF5529A4CAD694E553FF788C96F8AACE75063B4E15D12D69F5044593A7D784D0DBE0A26F08BC9448000000085DB02DB32539108470800E320B90900E34FD0551BA7AC44EF94E89EAF91AABF9F44B3D0027DCD4F19BA86B261FF435E80176C28DFF5AC0519AAEB5E70AAACE8E71FB5DAB94779E8AB8EED0458C7190683610BB3A3FA70FF
12	4237928	00007F18A9726B4FF37D7FA900000000AF0131FC73CE27EAFB185007205263BC7D6BB003E82DB4E19DD2872C8618A21369DBBD8C283FA9C9FF5FE69EF5E40C5856D93689577BF6E85D03000ECE89AA6CC78A6824BF28A01390F41667E1DEC574C390CE5A7F6E637B017A487CDAE88F70282A6703E6A7568774F3D73BCDF5529A4CAD694E553FF788C96F8AACE75063B4E15D12D69F5044593A7D784D0DBE0A26F08BC9448000000085DB02DB32539108470800E320B90900E34FD0551BA7AC44EF94E89EAF91AABF9F44B3D0027DCD4F19BA86B261FF435E80176C28DFF5AC0519AAEB5E70AAACE8E71FB5DAB94779E8AB8EED0458C7190683610BB3A3FA70FF
13	4595292	00007F18A9726B4FF37D7FA900000000AF0131FC73CE27EAFB185007205263BC7D6BB003E82DB4E19DD2872C8618A21369DBBD8C283FA9C9FF5FE69EF5E40C5856D93689577BF6E85D03000ECE89AA6CC78A6824BF28A01390F41667E1DEC574C390CE5A7F6E637B017A487CDAE88F70282A6703E6A7568774F3D73BCDF5529A4CAD694E553FF788C96F8AACE75063B4E15D12D69F5044593A7D784D0DBE0A26F08BC9448000000085DB02DB32539108470800E320B90900E34FD0551BA7AC44EF94E89EAF91AABF9F44B3D0027DCD4F19BA86B261FF435E80176C28DFF5AC0519AAEB5E70AAACE8E71FB5DAB94779E8AB8EED0458C7190683610BB3A3FA70FF
14	4952660	00007F18A9726B4FF37D7FA900000000AF0131FC73CE27EAFB185007205263BC7D6BB003E82DB4E19DD2872C8618A21369DBBD8C283FA9C9FF5FE69EF5E40C5856D93689577BF6E85D03000ECE89AA6CC78A6824BF28A01390F41667E1DEC574C390CE5A7F6E637B017A487CDAE88F70282A6703E6A7568774F3D73BCDF5529A4CAD694E553FF788C96F8AACE75063B4E15D12D69F5044593A7D784D0DBE0A26F08BC9448000000085DB02DB32539108470800E320B90900E34FD0551BA7AC44EF94E89EAF91AABF9F44B3D0027DCD4F19BA86B261FF435E80176C28DFF5AC0519AAEB5E70AAACE8E71FB5DAB94779E8AB8EED0458C7190683610BB3A3FA70FF
15	5310024	00007F18A9726B4FF37D7FA900000000AF0131FC73CE27EAFB185007205263BC7D6BB003E82DB4E19DD2872C8618A21369DBBD8C283FA9C9FF5FE69EF5E40C5856D93689577BF6E85D03000ECE89AA6CC78A6824BF28A01390F41667E1DEC574C390CE5A7F6E637B017A487CDAE88F70282A6703E6A7568774F3D73BCDF5529A4CAD694E553FF788C96F8AACE75063B4E15D12D69F5044593A7D784D0DBE0A26F08BC9448000000085DB02DB32539108470800E320B90900E34FD0551BA7AC44EF94E89EAF91AABF9F44B3D0027DCD4F19BA86B261FF435E80176C28DFF5AC0519AAEB5E70AAACE8E71FB5DAB94779E8AB8EED0458C7190683610BB3A3FA70FF
16	5667392	00007F18A9726B4FF37D7FA900000000AF0131FC73CE27EAFB185007205263BC7D6BB003E82DB4E19DD2872C8618A21369DBBD8C283FA9C9FF5FE69EF5E40C5856D93689577BF6E85D03000ECE89AA6CC78A6824BF28A01390F41667E1DEC574C390CE5A7F6E637B017A487CDAE88F70282A6703E6A7568774F3D73BCDF5529A4CAD694E553FF788C96F8AACE75063B4E15D12D69F5044593A7D784D0DBE0A26F08BC9448000000085DB02DB32539108470800E320B90900E34FD0551BA7AC44EF94E89EAF91AABF9F44B3D0027DCD4F19BA86B261FF435E80176C28DFF5AC0519AAEB5E70AAACE8E71FB5DAB94779E8AB8EED0458C7190683610BB3A3FA70FF
17	6024756	00007F18A9726B4FF37D7FA900000000AF0131FC73CE27EAFB185007205263BC7D6BB003E82DB4E19DD2872C8618A21369DBBD8C283FA9C9FF5FE69EF5E40C5856D93689577BF6E85D03000ECE89AA6CC78A6824BF28A01390F41667E1DEC574C390CE5A7F6E637B017A487CDAE88F70282A6703E6A7568774F3D73BCDF5529A4CAD694E553FF788C96F8AACE75063B4E15D12D69F5044593A7D784D0DBE0A26F08BC9448000000085DB02DB32539108470800E320B90900E34FD0551BA7AC44EF94E89EAF91AABF9F44B3D0027DCD4F19BA86B261FF435E80176C28DFF5AC0519AAEB5E70AAACE8E71FB5DAB94779E8AB8EED0458C7190683610BB3A3FA70FF
18	6382124	00007F18A9726B4FF37D7FA900000000AF0131FC73CE27EAFB185007205263BC7D6BB003E82DB4E19DD2872C8618A21369DBBD8C283FA9C9FF5FE69EF5E40C5856D93689577BF6E85D03000ECE89AA6CC78A6824BF28A01390F41667E1DEC574C390CE5A7F6E637B017A487CDAE88F70282A6703E6A7568774F3D73BCDF5529A4CAD694E553FF788C96F8AACE75063B4E15D12D69F5044593A7D784D0DBE0A26F08BC9448000000085DB02DB32539108470800E320B90900E34FD0551BA7AC44EF94E89EAF91AABF9F44B3D0027DCD4F19BA86B261FF435E80176C28DFF5AC0519AAEB5E70AAACE8E71FB5DAB94779E8AB8EED0458C7190683610BB3A3FA70FF
19	6739488	00007F18A9726B4FF37D7FA900000000AF0131FC73CE27EAFB185007205263BC7D6BB003E82DB4E19DD2872C8618A21369DBBD8C283FA9C9FF5FE69EF5E40C5856D93689577BF6E85D03000ECE89AA6CC78A6824BF28A01390F41667E1DEC574C390CE5A7F6E637B017A487CDAE88F70282A6703E6A7568774F3D73BCDF5529A4CAD694E553FF788C96F8AACE75063B4E15D12D69F5044593A7D784D0DBE0A26F08BC9448000000085DB02DB32539108470800E320B90900E34FD0551BA7AC44EF94E89EAF91AABF9F44B3D0027DCD4F19BA86B261FF435E80176C28DFF5AC0519AAEB5E70AAACE8E71FB5DAB94779E8AB8EED0458C7190683610BB3A3FA70FF
20	7096856	00007F18A9726B4FF37D7FA900000000AF0131FC73CE27EAFB185007205263BC7D6BB003E82DB4E19DD2872C8618A21369DBBD8C283FA9C9FF5FE69EF5E40C5856D93689577BF6E85D03000ECE89AA6CC78A6824BF28A01390F41667E1DEC574C390CE5A7F6E637B017A487CDAE88F70282A6703E6A7568774F3D73BCDF5529A4CAD694E553FF788C96F8AACE75063B4E15D12D69F5044593A7D784D0DBE0A26F08BC9448000000085DB02DB32539108470800E320B90900E34FD0551BA7AC44EF94E89EAF91AABF9F44B3D0027DCD4F19BA86B261FF435E80176C28DFF5AC0519AAEB5E70AAACE8E71FB5DAB94779E8AB8EED0458C7190683610BB3A3FA70FF
21	7454220	00007F18A9726B4FF37D7FA900000000AF0131FC73CE27EAFB185007205263BC7D6BB003E82DB4E19DD2872C8618A21369DBBD8C283FA9C9FF5FE69EF5E40C5856D93689577BF6E85D03000ECE89AA6CC78A6824BF28A01390F41667E1DEC574C390CE5A7F6E637B017A487CDAE88F70282A6703E6A7568774F3D73BCDF5529A4CAD694E553FF788C96F8AACE75063B4E15D12D69F5044593A7D784D0DBE0A26F08BC9448000000085DB02DB32539108470800E320B90900E34FD0551BA7AC44EF94E89EAF91AABF9F44B3D0027DCD4F19BA86B261FF435E80176C28DFF5AC0519AAEB5E70AAACE8E71FB5DAB94779E8AB8EED0458C7190683610BB3A3FA70FF
22	7811588	00007F18A9726B4FF37D7FA900000000AF0131FC73CE27EAFB185007205263BC7D6BB003E82DB4E19DD2872C8618A21369DBBD8C283FA9C9FF5FE69EF5E40C5856D93689577BF6E85D03000ECE89AA6CC78A6824BF28A01390F41667E1DEC574C390CE5A7F6E637B017A487CDAE88F70282A6703E6A7568774F3D73BCDF5529A4CAD694E553FF788C96F8AACE75063B4E15D12D69F5044593A7D784D0DBE0A26F08BC9448000000085DB02DB32539108470800E320B90900E34FD0551BA7AC44EF94E89EAF91AABF9F44B3D0027DCD4F19BA86B261FF435E80176C28DFF5AC0519AAEB5E70AAACE8E71FB5DAB94779E8AB8EED0458C7190683610BB3A3FA70FF
23	8168952	00007F18A9726B4FF37D7FA900000000AF0131FC73CE27EAFB185007205263BC7D6BB003E82DB4E19DD2872C8618A21369DBBD8C283FA9C9FF5FE69EF5E40C5856D93689577BF6E85D03000ECE89AA6CC78A6824BF28A01390F41667E1DEC574C390CE5A7F6E637B017A487CDAE88F70282A6703E6A7568774F3D73BCDF5529A4CAD694E553FF788C96F8AACE75063B4E15D12D69F5044593A7D784D0DBE0A26F08BC9448000000085DB02DB32539108470800E320B90900E34FD0551BA7AC44EF94E89EAF91AABF9F44B3D0027DCD4F19BA86B261FF435E80176C28DFF5AC0519AAEB5E70AAACE8E71FB5DAB94779E8AB8EED0458C7190683610BB3A3FA70FF
24	8526320	00007F18A9726B4FF37D7FA900000000AF0131FC73CE27EAFB185007205263BC7D6BB003E82DB4E19DD2872C8618A21369DBBD8C283FA9C9FF5FE69EF5E40C5856D93689577BF6E85D03000ECE89AA6CC78A6824BF28A01390F41667E1DEC574C390CE5A7F6E637B017A487CDAE88F70282A6703E6A7568774F3D73BCDF5529A4CAD694E553FF788C96F8AACE75063B4E15D12D69F5044593A7D784D0DBE0A26F08BC9448000000085DB02DB32539108470800E320B90900E34FD0551BA7AC44EF94E89EAF91AABF9F44B3D0027DCD4F19BA86B261FF435E80176C28DFF5AC0519AAEB5E70AAACE8E71FB5DAB94779E8AB8EED0458C7190683610BB3A3FA70FF
25	8883684	00007F18A9726B4FF37D7FA900000000AF0131FC73CE27EAFB185007205263BC7D6BB003E82DB4E19DD2872C8618A21369DBBD8C283FA9C9FF5FE69EF5E40C5856D93689577BF6E85D03000ECE89AA6CC78A6824BF28A01390F41667E1DEC574C390CE5A7F6E637B017A487CDAE88F70282A6703E6A7568774F3D73BCDF5529A4CAD694E553FF788C96F8AACE75063B4E15D12D69F5044593A7D784D0DBE0A26F08BC9448000000085DB02DB32539108470800E320B90900E34FD0551BA7AC44EF94E89EAF91AABF9F44B3D0027DCD4F19BA86B261FF435E80176C28DFF5AC0519AAEB5E70AAACE8E71FB5DAB94779E8AB8EED0458C7190683610BB3A3FA70FF
26	9241052	00007F18A9726B4FF37D7FA900000000AF0131FC73CE27EAFB185007205263BC7D6BB003E82DB4E19DD2872C8618A21369DBBD8C283FA9C9FF5FE69EF5E40C5856D93689577BF6E85D03000ECE89AA6CC78A6824BF28A01390F41667E1DEC574C390CE5A7F6E637B017A487CDAE88F70282A6703E6A7568774F3D73BCDF5529A4CAD694E553FF788C96F8AACE75063B4E15D12D69F5044593A7D784D0DBE0A26F08BC9448000000085DB02DB32539108470800E320B90900E34FD0551BA7AC44EF94E89EAF91AABF9F44B3D0027DCD4F19BA86B261FF435E80176C28DFF5AC0519AAEB5E70AAACE8E71FB5DAB94779E8AB8EED0458C7190683610BB3A3FA70FF
27	9598416	00007F18A9726B4FF37D7FA900000000AF0131FC73CE27EAFB185007205263BC7D6BB003E82DB4E19DD2872C8618A21369DBBD8C283FA9C9FF5FE69EF5E40C5856D93689577BF6E85D03000ECE89AA6CC78A6824BF28A01390F41667E1DEC574C390CE5A7F6E637B017A487CDAE88F70282A6703E6A7568774F3D73BCDF5529A4CAD694E553FF788C96F8AACE75063B4E15D12D69F5044593A7D784D0DBE0A26F08BC9448000000085DB02DB32539108470800E320B90900E34FD0551BA7AC44EF94E89EAF91AABF9F44B3D0027DCD4F19BA86B261FF435E80176C28DFF5AC0519AAEB5E70AAACE8E71FB5DAB94779E8AB8EED0458C7190683610BB3A3FA70FF
28	9955784	00007F18A9726B4FF37D7FA900000000AF0131FC73CE27EAFB185007205263BC7D6BB003E82DB4E19DD2872C8618A21369DBBD8C283FA9C9FF5FE69EF5E40C5856D93689577BF6E85D03000ECE89AA6CC78A6824BF28A01390F41667E1DEC574C390CE5A7F6E637B017A487CDAE88F70282A6703E6A7568774F3D73BCDF5529A4CAD694E553FF788C96F8AACE75063B4E15D12D69F5044593A7D784D0DBE0A26F08BC9448000000085DB02DB32539108470800E320B90900E34FD0551BA7AC44EF94E89EAF91AABF9F44B3D0027DCD4F19BA86B261FF435E80176C28DFF5AC0519AAEB5E70AAACE8E71FB5DAB94779E8AB8EED0458C7190683610BB3A3FA70FF
29	10313148	00007F18A9726B4FF37D7FA900000000AF0131FC73CE27EAFB185007205263BC7D6BB003E82DB4E19DD2872C8618A21369DBBD8C283FA9C9FF5FE69EF5E40C5856D93689577BF6E85D03000ECE89AA6CC78A6824BF28A01390F41667E1DEC574C390CE5A7F6E637B017A487CDAE88F70282A6703E6A7568774F3D73BCDF5529A4CAD694E553FF788C96F8AACE75063B4E15D12D69F5044593A7D784D0DBE0A26F08BC9448000000085DB02DB32539108470800E320B90900E34FD0551BA7AC44EF94E89EAF91AABF9F44B3D0027DCD4F19BA86B261FF435E80176C28DFF5AC0519AAEB5E70AAACE8E71FB5DAB94779E8AB8EED0458C7190683610BB3A3FA70FF
30	10670516	00007F18A9726B4FF37D7FA900000000AF0131FC73CE27EAFB185007205263BC7D6BB003E82DB4E19DD2872C8618A21369DBBD8C283FA9C9FF5FE69EF5E40C5856D93689577BF6E85D03000ECE89AA6CC78A6824BF28A01390F41667E1DEC574C390CE5A7F6E637B017A487CDAE88F70282A6703E6A7568774F3D73BCDF5529A4CAD694E553FF788C96F8AACE75063B4E15D12D69F5044593A7D784D0DBE0A26F08BC9448000000085DB02DB32539108470800E320B90900E34FD0551BA7AC44EF94E89EAF91AABF9F44B3D0027DCD4F19BA86B261FF435E80176C28DFF5AC0519AAEB5E70AAACE8E71FB5DAB94779E8AB8EED0458C7190683610BB3A3FA70FF
31	11027880	0000001800726B4FF37D7FA900000000AF0131FC73CE27EAFB185007205263BC7D6BB003E82DB4E19DD2872C8618A21369DBBD8C283FA9C9FF5FE69EF5E40C5856D93689577BF6E85D03000ECE89AA6CC78A6824BF28A01390F41667E1DEC574C390CE5A7F6E637B017A487CDAE88F70282A6703E6A7568774F3D73BCDF5529A4CAD694E553FF788C96F8AACE75063B4000012D69F5044593A7D784D0DBE0A26F08BC9448000000085DB02DB32539108470800E320B90900E34FD0551BA7AC44EF94E89EAF91AABF9F44B3D0027DCD4F19BA86B261FF435E80176C28DFF5AC0519AAEB5E70AAACE8E71FB5DAB94779E8AB8EED0458C7190683610BB3A3FA70FF
32	11385248	0000001800726B4FF37D7FA900000000AF0131FC73CE27EAFB185007205263BC7D6BB003E82DB4E19DD2872C8618A21369DBBD8C283FA9C9FF5FE69EF5E40C5856D93689577BF6E85D03000ECE89AA6CC78A6824BF28A01390F41667E1DEC574C390CE5A7F6E637B017A487CDAE88F70282A6703E6A7568774F3D73BCDF5529A4CAD694E553FF788C96F8AACE75063B4000012D69F5044593A7D784D0DBE0A26F08BC9448000000085DB02DB32539108470800E320B90900E34FD0551BA7AC44EF94E89EAF91AABF9F44B3D0027DCD4F19BA86B261FF435E80176C28DFF5AC0519AAEB5E70AAACE8E71FB5DAB94779E8AB8EED0458C7190683610BB3A3FA70FF
33	11742612	0000001800726B4FF37D7FA900000000AF0131FC73CE27EAFB185007205263BC7D6BB003E82DB4E19DD2872C8618A21369DBBD8C283FA9C9FF5FE69EF5E40C5856D93689577BF6E85D03000ECE89AA6CC78A6824BF28A01390F41667E1DEC574C390CE5A7F6E637B017A487CDAE88F70282A6703E6A7568774F3D73BCDF5529A4CAD694E553FF788C96F8AACE75063B4000012D69F5044593A7D784D0DBE0A26F08BC9448000000085DB02DB32539108470800E320B90900E34FD0551BA7AC44EF94E89EAF91AABF9F44B3D0027DCD4F19BA86B261FF435E80176C28DFF5AC0519AAEB5E70AAACE8E71FB5DAB94779E8AB8EED0458C7190683610BB3A3FA70FF
34	12099980	0000001800726B4FF37D7FA900000000AF0131FC73CE27EAFB185007205263BC7D6BB003E82DB4E19DD2872C8618A21369DBBD8C283FA9C9FF5FE69EF5E40C5856D93689577BF6E85D03000ECE89AA6CC78A6824BF28A01390F41667E1DEC574C390CE5A7F6E637B017A487CDAE88F70282A6703E6A7568774F3D73BCDF5529A4CAD694E553FF788C96F8AACE75063B4000012D69F5044593A7D784D0DBE0A26F08BC9448000000085DB02DB32539108470800E320B90900E34FD0551BA7AC44EF94E89EAF91AABF9F44B3D0027DCD4F19BA86B261FF435E80176C28DFF5AC0519AAEB5E70AAACE8E71FB5DAB94779E8AB8EED0458C7190683610BB3A3FA70FF
35	12457344	0000001800726B4FF37D7FA900000000AF0131FC73CE27EAFB185007205263BC7D6BB003E82DB4E19DD2872C8618A21369DBBD8C283FA9C9FF5FE69EF5E40C5856D93689577BF6E85D03000ECE89AA6CC78A6824BF28A01390F41667E1DEC574C390CE5A7F6E637B017A487CDAE88F70282A6703E6A7568774F3D73BCDF5529A4CAD694E553FF788C96F8AACE75063B4000012D69F5044593A7D784D0DBE0A26F08BC9448000000085DB02DB32539108470800E320B90900E34FD0551BA7AC44EF94E89EAF91AABF9F44B3D0027DCD4F19BA86B261FF435E80176C28DFF5AC0519AAEB5E70AAACE8E71FB5DAB94779E8AB8EED0458C7190683610BB3A3FA70FF
36	12814712	0000001800726B4FF37D7FA900000000AF0131FC73CE27EAFB185007205263BC7D6BB003E82DB4E19DD2872C8618A21369DBBD8C283FA9C9FF5FE69EF5E40C5856D93689577BF6E85D03000ECE89AA6CC78A6824BF28A01390F41667E1DEC574C390CE5A7F6E637B017A487CDAE88F70282A6703E6A7568774F3D73BCDF5529A4CAD694E553FF788C96F8AACE75063B4000012D69F5044593A7D784D0DBE0A26F08BC9448000000085DB02DB32539108470800E320B90900E34FD0551BA7AC44EF94E89EAF91AABF9F44B3D0027DCD4F19BA86B261FF435E80176C28DFF5AC0519AAEB5E70AAACE8E71FB5DAB94779E8AB8EED0458C7190683610BB3A3FA70FF
37	13172076	0000001800726B4FF37D7FA900000000AF0131FC73CE27EAFB185007205263BC7D6BB003E82DB4E19DD2872C8618A21369DBBD8C283FA9C9FF5FE69EF5E40C5856D93689577BF6E85D03000ECE89AA6CC78A6824BF28A01390F41667E1DEC574C390CE5A7F6E637B017A487CDAE88F70282A6703E6A7568774F3D73BCDF5529A4CAD694E553FF788C96F8AACE75063B4000012D69F5044593A7D784D0DBE0A26F08BC9448000000085DB02DB32539108470800E320B90900E34FD0551BA7AC44EF94E89EAF91AABF9F44B3D0027DCD4F19BA86B261FF435E80176C28DFF5AC0519AAEB5E70AAACE8E71FB5DAB94779E8AB8EED0458C7190683610BB3A3FA70FF
38	13529444	0000001800726B4FF37D7FA900000000AF0131FC73CE27EAFB185007205263BC7D6BB003E82DB4E19DD2872C8618A21369DBBD8C283FA9C9FF5FE69EF5E40C5856D93689577BF6E85D03000ECE89AA6CC78A6824BF28A01390F41667E1DEC574C390CE5A7F6E637B017A487CDAE88F70282A6703E6A7568774F3D73BCDF5529A4CAD694E553FF788C96F8AACE75063B4000012D69F5044593A7D784D0DBE0A26F08BC9448000000085DB02DB32539108470800E320B90900E34FD0551BA7AC44EF94E89EAF91AABF9F44B3D0027DCD4F19BA86B261FF435E80176C28DFF5AC0519AAEB5E70AAACE8E71FB5DAB94779E8AB8EED0458C7190683610BB3A3FA70FF
39	13886808	0000001800726B4FF37D7FA900000000AF0131FC73CE27EAFB185007205263BC7D6BB003E82DB4E19DD2872C8618A21369DBBD8C283FA9C9FF5FE69EF5E40C5856D93689577BF6E85D03000ECE89AA6CC78A6824BF28A01390F41667E1DEC574C390CE5A7F6E637B017A487CDAE88F70282A6703E6A7568774F3D73BCDF5529A4CAD694E553FF788C96F8AACE75063B4000012D69F5044593A7D784D0DBE0A26F08BC9448000000085DB02DB32539108470800E320B90900E34FD0551BA7AC44EF94E89EAF91AABF9F44B3D0027DCD4F19BA86B261FF435E80176C28DFF5AC0519AAEB5E70AAACE8E71FB5DAB94779E8AB8EED0458C7190683610BB3A3FA70FF
40	14244176	0000001800726B4FF37D7FA900000000AF0131FC73CE27EAFB185007205263BC7D6BB003E82DB4E19DD2872C8618A21369DBBD8C283FA9C9FF5FE69EF5E40C5856D93689577BF6E85D03000ECE89AA6CC78A6824BF28A01390F41667E1DEC574C390CE5A7F6E637B017A487CDAE88F70282A6703E6A7568774F3D73BCDF5529A4CAD694E553FF788C96F8AACE75063B4000012D69F5044593A7D784D0DBE0A26F08BC9448000000085DB02DB32539108470800E320B90900E34FD0551BA7AC44EF94E89EAF91AABF9F44B3D0027DCD4F19BA86B261FF435E80176C28DFF5AC0519AAEB5E70AAACE8E71FB5DAB94779E8AB8EED0458C7190683610BB3A3FA70FF
41	14601540	0000001800726B4FF37D7FA900000000AF0131FC73CE27EAFB185007205263BC7D6BB003E82DB4E19DD2872C8618A21369DBBD8C283FA9C9FF5FE69EF5E40C5856D93689577BF6E85D03000ECE89AA6CC78A6824BF28A01390F41667E1DEC574C390CE5A7F6E637B017A487CDAE88F70282A6703E6A7568774F3D73BCDF5529A4CAD694E553FF788C96F8AACE75063B4000012D69F5044593A7D784D0DBE0A26F08BC9448000000085DB02DB32539108470800E320B90900E34FD0551BA7AC44EF94E89EAF91AABF9F44B3D0027DCD4F19BA86B261FF435E80176C28DFF5AC0519AAEB5E70AAACE8E71FB5DAB94779E8AB8EED0458C7190683610BB3A3FA70FF
42	14958908	0000001800726B4FF37D7FA900000000AF0131FC73CE27EAFB185007205263BC7D6BB003E82DB4E19DD2872C8618A21369DBBD8C283FA9C9FF5FE69EF5E40C5856D93689577BF6E85D03000ECE89AA6CC78A6824BF28A01390F41667E1DEC574C390CE5A7F6E637B017A487CDAE88F70282A6703E6A7568774F3D73BCDF5529A4CAD694E553FF788C96F8AACE75063B4000012D69F5044593A7D784D0DBE0A26F08BC9448000000085DB02DB32539108470800E320B90900E34FD0551BA7AC44EF94E89EAF91AABF9F44B3D0027DCD4F19BA86B261FF435E80176C28DFF5AC0519AAEB5E70AAACE8E71FB5DAB94779E8AB8EED0458C7190683610BB3A3FA70FF
43	15316272	0000001800726B4FF37D7FA900000000AF0131FC73CE27EAFB185007205263BC7D6BB003E82DB4E19DD2872C8618A21369DBBD8C283FA9C9FF5FE69EF5E40C5856D93689577BF6E85D03000ECE89AA6CC78A6824BF28A01390F41667E1DEC574C390CE5A7F6E637B017A487CDAE88F70282A6703E6A7568774F3D73BCDF5529A4CAD694E553FF788C96F8AACE75063B4000012D69F5044593A7D784D0DBE0A26F08BC9448000000085DB02DB32539108470800E320B90900E34FD0551BA7AC44EF94E89EAF91AABF9F44B3D0027DCD4F19BA86B261FF435E80176C28DFF5AC0519AAEB5E70AAACE8E71FB5DAB94779E8AB8EED0458C7190683610BB3A3FA70FF
44	15673640	0000001800726B4FF37D7FA900000000AF0131FC73CE27EAFB185007205263BC7D6BB003E82DB4E19DD2872C8618A21369DBBD8C283FA9C9FF5FE69EF5E40C5856D93689577BF6E85D03000ECE89AA6CC78A6824BF28A01390F41667E1DEC574C390CE5A7F6E637B017A487CDAE88F70282A6703E6A7568774F3D73BCDF5529A4CAD694E553FF788C96F8AACE75063B4000012D69F5044593A7D784D0DBE0A26F08BC9448000000085DB02DB32539108470800E320B90900E34FD0551BA7AC44EF94E89EAF91AABF9F44B3D0027DCD4F19BA86B261FF435E80176C28DFF5AC0519AAEB5E70AAACE8E71FB5DAB94779E8AB8EED0458C7190683610BB3A3FA70FF
45	16031004	0000001800726B4FF37D7FA900000000AF0131FC73CE27EAFB185007205263BC7D6BB003E82DB4E19DD2872C8618A21369DBBD8C283FA9C9FF5FE69EF5E40C5856D93689577BF6E85D03000ECE89AA6CC78A6824BF28A01390F41667E1DEC574C390CE5A7F6E637B017A487CDAE88F70282A6703E6A7568774F3D73BCDF5529A4CAD694E553FF788C96F8AACE75063B4000012D69F5044593A7D784D0DBE0A26F08BC9448000000085DB02DB32539108470800E320B90900E34FD0551BA7AC44EF94E89EAF91AABF9F44B3D0027DCD4F19BA86B261FF435E80176C28DFF5AC0519AAEB5E70AAACE8E71FB5DAB94779E8AB8EED0458C7190683610BB3A3FA70FF
46	16388372	0000001800726B4FF37D7FA900000000AF0131FC73CE27EAFB185007205263BC7D6BB003E82DB4E19DD2872C8618A21369DBBD8C283FA9C9FF5FE69EF5E40C5856D93689577BF6E85D03000ECE89AA6CC78A6824BF28A01390F41667E1DEC574C390CE5A7F6E637B017A487CDAE88F70282A6703E6A7568774F3D73BCDF5529A4CAD694E553FF788C96F8AACE75063B4000012D69F5044593A7D784D0DBE0A26F08BC9448000000085DB02DB32539108470800E320B90900E34FD0551BA7AC44EF94E89EAF91AABF9F44B3D0027DCD4F19BA86B261FF435E80176C28DFF5AC0519AAEB5E70AAACE8E71FB5DAB94779E8AB8EED0458C7190683610BB3A3FA70FF
47	16745736	0000001800726B4FF37D7FA900000000AF0131FC73CE27EAFB185007205263BC7D6BB003E82DB4E19DD2872C8618A21369DBBD8C283FA9C9FF5FE69EF5E40C5856D93689577BF6E85D03000ECE89AA6CC78A6824BF28A01390F41667E1DEC574C390CE5A7F6E637B017A487CDAE88F70282A6703E6A7568774F3D73BCDF5529A4CAD694E553FF788C96F8AACE75063B4000012D69F5044593A7D784D0DBE0A26F08BC9448000000085DB02DB32539108470800E320B90900E34FD0551BA7AC44EF94E89EAF91AABF9F44B3D0027DCD4F19BA86B261FF435E80176C28DFF5AC0519AAEB5E70AAACE8E71FB5DAB94779E8AB8EED0458C7190683610BB3A3FA70FF
48	17103104	0000001800726B4FF37D7FA900000000AF0131FC73CE27EAFB185007205263BC7D6BB003E82DB4E19DD2872C8618A21369DBBD8C283FA9C9FF5FE69EF5E40C5856D93689577BF6E85D03000ECE89AA6CC78A6824BF28A01390F41667E1DEC574C390CE5A7F6E637B017A487CDAE88F70282A6703E6A7568774F3D73BCDF5529A4CAD694E553FF788C96F8AACE75063B4000012D69F5044593A7D784D0DBE0A26F08BC9448000000085DB02DB32539108470800E320B90900E34FD0551BA7AC44EF94E89EAF91AABF9F44B3D0027DCD4F19BA86B261FF435E80176C28DFF5AC0519AAEB5E70AAACE8E71FB5DAB94779E8AB8EED0458C7190683610BB3A3FA70FF
49	17460468	0000001800726B4FF37D7FA900000000AF0131FC73CE27EAFB185007205263BC7D6BB003E82DB4E19DD2872C8618A21369DBBD8C283FA9C9FF5FE69EF5E40C5856D93689577BF6E85D03000ECE89AA6CC78A6824BF28A01390F41667E1DEC574C390CE5A7F6E637B017A487CDAE88F70282A6703E6A7568774F3D73BCDF5529A4CAD694E553FF788C96F8AACE75063B4000012D69F5044593A7D784D0DBE0A26F08BC9448000000085DB02DB32539108470800E320B90900E34FD0551BA7AC44EF94E89EAF91AABF9F44B3D0027DCD4F19BA86B261FF435E80176C28DFF5AC0519AAEB5E70AAACE8E71FB5DAB94779E8AB8EED0458C7190683610BB3A3FA70FF
50	17817836	0000001800726B4FF37D7FA900000000AF0131FC73CE27EAFB185007205263BC7D6BB003E82DB4E19DD2872C8618A21369DBBD8C283FA9C9FF5FE69EF5E40C5856D93689577BF6E85D03000ECE89AA6CC78A6824BF28A01390F41667E1DEC574C390CE5A7F6E637B017A487CDAE88F70282A6703E6A7568774F3D73BCDF5529A4CAD694E553FF788C96F8AACE75063B4000012D69F5044593A7D784D0DBE0A26F08BC9448000000085DB02DB32539108470800E320B90900E34FD0551BA7AC44EF94E89EAF91AABF9F44B3D0027DCD4F19BA86B261FF435E80176C28DFF5AC0519AAEB5E70AAACE8E71FB5DAB94779E8AB8EED0458C7190683610BB3A3FA70FF
51	18175200	0000001800726B4FF37D7FA900000000AF0131FC73CE27EAFB185007205263BC7D6BB003E82DB4E19DD2872C8618A21369DBBD8C283FA9C9FF5FE69EF5E40C5856D93689577BF6E85D03000ECE89AA6CC78A6824BF28A01390F41667E1DEC574C390CE5A7F6E637B017A487CDAE88F70282A6703E6A7568774F3D73BCDF5529A4CAD694E553FF788C96F8AACE75063B4000012D69F5044593A7D784D0DBE0A26F08BC9448000000085DB02DB32539108470800E320B90900E34FD0551BA7AC44EF94E89EAF91AABF9F44B3D0027DCD4F19BA86B261FF435E80176C28DFF5AC0519AAEB5E70AAACE8E71FB5DAB94779E8AB8EED0458C7190683610BB3A3FA70FF
52	18532568	0000001800726B4FF37D7FA900000000AF0131FC73CE27EAFB185007205263BC7D6BB003E82DB4E19DD2872C8618A21369DBBD8C283FA9C9FF5FE69EF5E40C5856D93689577BF6E85D03000ECE89AA6CC78A6824BF28A01390F41667E1DEC574C390CE5A7F6E637B017A487CDAE88F70282A6703E6A7568774F3D73BCDF5529A4CAD694E553FF788C96F8AACE75063B4000012D69F5044593A7D784D0DBE0A26F08BC9448000000085DB02DB32539108470800E320B90900E34FD0551BA7AC44EF94E89EAF91AABF9F44B3D0027DCD4F19BA86B261FF435E80176C28DFF5AC0519AAEB5E70AAACE8E71FB5DAB94779E8AB8EED0458C7190683610BB3A3FA70FF
53	18889932	0000001800726B4FF37D7FA900000000AF0131FC73CE27EAFB185007205263BC7D6BB003E82DB4E19DD2872C8618A21369DBBD8C283FA9C9FF5FE69EF5E40C5856D93689577BF6E85D03000ECE89AA6CC78A6824BF28A01390F41667E1DEC574C390CE5A7F6E637B017A487CDAE88F70282A6703E6A7568774F3D73BCDF5529A4CAD694E553FF788C96F8AACE75063B4000012D69F5044593A7D784D0DBE0A26F08BC9448000000085DB02DB32539108470800E320B90900E34FD0551BA7AC44EF94E89EAF91AABF9F44B3D0027DCD4F19BA86B261FF435E80176C28DFF5AC0519AAEB5E70AAACE8E71FB5DAB94779E8AB8EED0458C7190683610BB3A3FA70FF
54	19247300	0000001800726B4FF37D7FA900000000AF0131FC73CE27EAFB185007205263BC7D6BB003E82DB4E19DD2872C8618A21369DBBD8C283FA9C9FF5FE69EF5E40C5856D93689577BF6E85D03000ECE89AA6CC78A6824BF28A01390F41667E1DEC574C390CE5A7F6E637B017A487CDAE88F70282A6703E6A7568774F3D73BCDF5529A4CAD694E553FF788C96F8AACE75063B4000012D69F5044593A7D784D0DBE0A26F08BC9448000000085DB02DB32539108470800E320B90900E34FD0551BA7AC44EF94E89EAF91AABF9F44B3D0027DCD4F19BA86B261FF435E80176C28DFF5AC0519AAEB5E70AAACE8E71FB5DAB94779E8AB8EED0458C7190683610BB3A3FA70FF
55	19604664	0000001800726B4FF37D7FA900000000AF0131FC73CE27EAFB185007205263BC7D6BB003E82DB4E19DD2872C8618A21369DBBD8C283FA9C9FF5FE69EF5E40C5856D93689577BF6E85D03000ECE89AA6CC78A6824BF28A01390F41667E1DEC574C390CE5A7F6E637B017A487CDAE88F70282A6703E6A7568774F3D73BCDF5529A4CAD694E553FF788C96F8AACE75063B4000012D69F5044593A7D784D0DBE0A26F08BC9448000000085DB02DB32539108470800E320B90900E34FD0551BA7AC44EF94E89EAF91AABF9F44B3D0027DCD4F19BA86B261FF435E80176C28DFF5AC0519AAEB5E70AAACE8E71FB5DAB94779E8AB8EED0458C7190683610BB3A3FA70FF
56	19962032	0000001800726B4FF37D7FA900000000AF0131FC73CE27EAFB185007205263BC7D6BB003E82DB4E19DD2872C8618A21369DBBD8C283FA9C9FF5FE69EF5E40C5856D93689577BF6E85D03000ECE89AA6CC78A6824BF28A01390F41667E1DEC574C390CE5A7F6E637B017A487CDAE88F70282A6703E6A7568774F3D73BCDF5529A4CAD694E553FF788C96F8AACE75063B4000012D69F5044593A7D784D0DBE0A26F08BC9448000000085DB02DB32539108470800E320B90900E34FD0551BA7AC44EF94E89EAF91AABF9F44B3D0027DCD4F19BA86B261FF435E80176C28DFF5AC0519AAEB5E70AAACE8E71FB5DAB94779E8AB8EED0458C7190683610BB3A3FA70FF
57	20319396	0000001800726B4FF37D7FA900000000AF0131FC73CE27EAFB185007205263BC7D6BB003E82DB4E19DD2872C8618A21369DBBD8C283FA9C9FF5FE69EF5E40C5856D93689577BF6E85D03000ECE89AA6CC78A6824BF28A01390F41667E1DEC574C390CE5A7F6E637B017A487CDAE88F70282A6703E6A7568774F3D73BCDF5529A4CAD694E553FF788C96F8AACE75063B4000012D69F5044593A7D784D0DBE0A26F08BC9448000000085DB02DB32539108470800E320B90900E34FD0551BA7AC44EF94E89EAF91AABF9F44B3D0027DCD4F19BA86B261FF435E80176C28DFF5AC0519AAEB5E70AAACE8E71FB5DAB94779E8AB8EED0458C7190683610BB3A3FA70FF
58	20676764	0000001800726B4FF37D7FA900000000AF0131FC73CE27EAFB185007205263BC7D6BB003E82DB4E19DD2872C8618A21369DBBD8C283FA9C9FF5FE69EF5E40C5856D93689577BF6E85D03000ECE89AA6CC78A6824BF28A01390F41667E1DEC574C390CE5A7F6E637B017A487CDAE88F70282A6703E6A7568774F3D73BCDF5529A4CAD694E553FF788C96F8AACE75063B4000012D69F5044593A7D784D0DBE0A26F08BC9448000000085DB02DB32539108470800E320B90900E34FD0551BA7AC44EF94E89EAF91AABF9F44B3D0027DCD4F19BA86B261FF435E80176C28DFF5AC0519AAEB5E70AAACE8E71FB5DAB94779E8AB8EED0458C7190683610BB3A3FA70FF
59	21034128	0000001800726B4FF37D7FA900000000AF0131FC73CE27EAFB185007205263BC7D6BB003E82DB4E19DD2872C8618A21369DBBD8C283FA9C9FF5FE69EF5E40C5856D93689577BF6E85D03000ECE89AA6CC78A6824BF28A01390F41667E1DEC574C390CE5A7F6E637B017A487CDAE88F70282A6703E6A7568774F3D73BCDF5529A4CAD694E553FF788C96F8AACE75063B4000012D69F5044593A7D784D0DBE0A26F08BC9448000000085DB02DB32539108470800E320B90900E34FD0551BA7AC44EF94E89EAF91AABF9F44B3D0027DCD4F19BA86B261FF435E80176C28DFF5AC0519AAEB5E70AAACE8E71FB5DAB94779E8AB8EED0458C7190683610BB3A3FA70FF
60	21391496	0000001800726B4FF37D7FA900000000AF0131FC73CE27EAFB185007205263BC7D6BB003E82DB4E19DD2872C8618A21369DBBD8C283FA9C9FF5FE69EF5E40C5856D93689577BF6E85D03000ECE89AA6CC78A6824BF28A01390F41667E1DEC574C390CE5A7F6E637B017A487CDAE88F70282A6703E6A7568774F3D73BCDF5529A4CAD694E553FF788C96F8AACE75063B4000012D69F5044593A7D784D0DBE0A26F08BC9448000000085DB02DB32539108470800E320B90900E34FD0551BA7AC44EF94E89EAF91AABF9F44B3D0027DCD4F19BA86B261FF435E80176C28DFF5AC0519AAEB5E70AAACE8E71FB5DAB94779E8AB8EED0458C7190683610BB3A3FA70FF
61	21748860	0000001800726B4FF37D7FA900000000AF0131FC73CE27EAFB185007205263BC7D6BB003E82DB4E19DD2872C8618A21369DBBD8C283FA9C9FF5FE69EF5E40C5856D93689577BF6E85D03000ECE89AA6CC78A6824BF28A01390F41667E1DEC574C390CE5A7F6E637B017A487CDAE88F70282A6703E6A7568774F3D73BCDF5529A4CAD694E553FF788C96F8AACE75063B4000012D69F5044593A7D784D0DBE0A26F08BC9448000000085DB02DB32539108470800E320B90900E34FD0551BA7AC44EF94E89EAF91AABF9F44B3D0027DCD4F19BA86B261FF435E80176C28DFF5AC0519AAEB5E70AAACE8E71FB5DAB94779E8AB8EED0458C7190683610BB3A3FA70FF
62	22106228	0000001800726B4FF37D7FA900000000AF0131FC73CE27EAFB185007205263BC7D6BB003E82DB4E19DD2872C8618A21369DBBD8C283FA9C9FF5FE69EF5E40C5856D93689577BF6E85D03000ECE89AA6CC78A6824BF28A01390F41667E1DEC574C390CE5A7F6E637B017A487CDAE88F70282A6703E6A7568774F3D73BCDF5529A4CAD694E553FF788C96F8AACE75063B4000012D69F5044593A7D784D0DBE0A26F08BC9448000000085DB02DB32539108470800E320B90900E34FD0551BA7AC44EF94E89EAF91AABF9F44B3D0027DCD4F19BA86B261FF435E80176C28DFF5AC0519AAEB5E70AAACE8E71FB5DAB94779E8AB8EED0458C7190683610BB3A3FA70FF
63	22463592	0000001800726B4FF37D7FA900000000AF0131FC73CE27EAFB185007205263BC7D6BB003E82DB4E19DD2872C8618A21369DBBD8C283FA9C9FF5FE69EF5E40C5856D93689577BF6E85D03000ECE89AA6CC78A6824BF28A01390F41667E1DEC574C390CE5A7F6E637B017A487CDAE88F70282A6703E6A7568774F3D73BCDF5529A4CAD694E553FF788C96F8AACE75063B4000012D69F5044593A7D784D0DBE0A26F08BC9448000000085DB02DB32539108470800E320B90900E34FD0551BA7AC44EF94E89EAF91AABF9F44B3D0027DCD4F19BA86B261FF435E80176C28DFF5AC0519AAEB5E70AAACE8E71FB5DAB94779E8AB8EED0458C7190683610BB3A3FA70FF
64	22820960	0000001800726B4FF37D7FA900000000AF0131FC73CE27EAFB185007205263BC7D6BB003E82DB4E19DD2872C8618A21369DBBD8C283FA9C9FF5FE69EF5E40C5856D93689577BF6E85D03000ECE89AA6CC78A6824BF28A01390F41667E1DEC574C390CE5A7F6E637B017A487CDAE88F70282A6703E6A7568774F3D73BCDF5529A4CAD694E553FF788C96F8AACE75063B4000012D69F5044593A7D784D0DBE0A26F08BC9448000000085DB02DB32539108470800E320B90900E34FD0551BA7AC44EF94E89EAF91AABF9F44B3D0027DCD4F19BA86B261FF435E80176C28DFF5AC0519AAEB5E70AAACE8E71FB5DAB94779E8AB8EED0458C7190683610BB3A3FA70FF
65	23178324	0000001800726B4FF37D7FA900000000AF0131FC73CE27EAFB185007205263BC7D6BB003E82DB4E19DD2872C8618A21369DBBD8C283FA9C9FF5FE69EF5E40C5856D93689577BF6E85D03000ECE89AA6CC78A6824BF28A01390F41667E1DEC574C390CE5A7F6E637B017A487CDAE88F70282A6703E6A7568774F3D73BCDF5529A4CAD694E553FF788C96F8AACE75063B4000012D69F5044593A7D784D0DBE0A26F08BC9448000000085DB02DB32539108470800E320B90900E34FD0551BA7AC44EF94E89EAF91AABF9F44B3D0027DCD4F19BA86B261FF435E80176C28DFF5AC0519AAEB5E70AAACE8E71FB5DAB94779E8AB8EED0458C7190683610BB3A3FA70FF
66	23535692	0000001800726B4FF37D7FA900000000AF0131FC73CE27EAFB185007205263BC7D6BB003E82DB4E19DD2872C8618A21369DBBD8C283FA9C9FF5FE69EF5E40C5856D93689577BF6E85D03000ECE89AA6CC78A6824BF28A01390F41667E1DEC574C390CE5A7F6E637B017A487CDAE88F70282A6703E6A7568774F3D73BCDF5529A4CAD694E553FF788C96F8AACE75063B4000012D69F5044593A7D784D0DBE0A26F08BC9448000000085DB02DB32539108470800E320B90900E34FD0551BA7AC44EF94E89EAF91AABF9F44B3D0027DCD4F19BA86B261FF435E80176C28DFF5AC0519AAEB5E70AAACE8E71FB5DAB94779E8AB8EED0458C7190683610BB3A3FA70FF
67	23893056	0000001800726B4FF37D7FA900000000AF0131FC73CE27EAFB185007205263BC7D6BB003E82DB4E19DD2872C8618A21369DBBD8C283FA9C9FF5FE69EF5E40C5856D93689577BF6E85D03000ECE89AA6CC78A6824BF28A01390F41667E1DEC574C390CE5A7F6E637B017A487CDAE88F70282A6703E6A7568774F3D73BCDF5529A4CAD694E553FF788C96F8AACE75063B4000012D69F5044593A7D784D0DBE0A26F08BC9448000000085DB02DB32539108470800E320B90900E34FD0551BA7AC44EF94E89EAF91AABF9F44B3D0027DCD4F19BA86B261FF435E80176C28DFF5AC0519AAEB5E70AAACE8E71FB5DAB94779E8AB8EED0458C7190683610BB3A3FA70FF
68	24250424	0000001800726B4FF37D7FA900000000AF0131FC73CE27EAFB185007205263BC7D6BB003E82DB4E19DD2872C8618A21369DBBD8C283FA9C9FF5FE69EF5E40C5856D93689577BF6E85D03000ECE89AA6CC78A6824BF28A01390F41667E1DEC574C390CE5A7F6E637B017A487CDAE88F70282A6703E6A7568774F3D73BCDF5529A4CAD694E553FF788C96F8AACE75063B4000012D69F5044593A7D784D0DBE0A26F08BC9448000000085DB02DB32539108470800E320B90900E34FD0551BA7AC44EF94E89EAF91AABF9F44B3D0027DCD4F19BA86B261FF435E80176C28DFF5AC0519AAEB5E70AAACE8E71FB5DAB94779E8AB8EED0458C7190683610BB3A3FA70FF
69	24607788	0000001800726B4FF37D7FA900000000AF0131FC73CE27EAFB185007205263BC7D6BB003E82DB4E19DD2872C8618A21369DBBD8C283FA9C9FF5FE69EF5E40C5856D93689577BF6E85D03000ECE89AA6CC78A6824BF28A01390F41667E1DEC574C390CE5A7F6E637B017A487CDAE88F70282A6703E6A7568774F3D73BCDF5529A4CAD694E553FF788C96F8AACE75063B4000012D69F5044593A7D784D0DBE0A26F08BC9448000000085DB02DB32539108470800E320B90900E34FD0551BA7AC44EF94E89EAF91AABF9F44B3D0027DCD4F19BA86B261FF435E80176C28DFF5AC0519AAEB5E70AAACE8E71FB5DAB94779E8AB8EED0458C7190683610BB3A3FA70FF
70	24965156	0000001800726B4FF37D7FA900000000AF0131FC73CE27EAFB185007205263BC7D6BB003E82DB4E19DD2872C8618A21369DBBD8C283FA9C9FF5FE69EF5E40C5856D93689577BF6E85D03000ECE89AA6CC78A6824BF28A01390F41667E1DEC574C390CE5A7F6E637B017A487CDAE88F70282A6703E6A7568774F3D73BCDF5529A4CAD694E553FF788C96F8AACE75063B4000012D69F5044593A7D784D0DBE0A26F08BC9448000000085DB02DB32539108470800E320B90900E34FD0551BA7AC44EF94E89EAF91AABF9F44B3D0027DCD4F19BA86B261FF435E80176C28DFF5AC0519AAEB5E70AAACE8E71FB5DAB94779E8AB8EED0458C7190683610BB3A3FA70FF
71	25322520	0102001800726B4FF37D7FA900000000AF0131FC73CE27EAFB185007205204007D6BB003E82DB4E19DD2872C8618A21369DBBD8C283FA9C9FF5FE69EF5E40C5856D93689577BF6E85D0300040400586C008A6824BF28A01390F41667E1DEC574C390CE5A006E6300017A487CDAE88F70282A6703E6A7568774F3D73BCDF5529A4CAD694E553FF788C96F8AACE75063B4000012D69F500059007D784D0DBE0A00F08BC9448000000085DB02DB32539108470800E320B90900E34FD0551B00AC44EF94E89EAF91AABF9F44B3D0027DCD4F19BA86B261FF435E80176C28DFF5AC0519AAEB5E70AAACE8E71FB5DAB94779E8AB8EED0458C7190683610BB3A3FA70FF
72	25679888	0102001800726B4FF37D7FA900000000AF0131FC73CE27EAFB18500720520C007D6BB003E82DB4E19DD2872C8618A21369DBBD8C283FA9C9FF5FE69EF5E40C5856D93689577BF6E85D0300040C75586C008A6824BF28A01390F41667E1DEC574C390CE5A006E6300017A487CDAE88F70282A6703E6A7568774F3D73BCDF5529A4CAD694E553FF788C96F8AACE75063B4000012D69F500059007D784D0DBE0A00F08BC9448000000085DB02DB32539108470800E320B90900E34FD0551B00AC44EF94E89EAF91AABF9F44B3D0027DCD4F19BA86B261FF435E80176C28DFF5AC0519AAEB5E70AAACE8E71FB5DAB94779E8AB8EED0458C7190683610BB3A3FA70FF
73	26037252	0102001800726B4FF37D7FA900000000AF0131FC73CE27EAFB18500720520C007D6BB003E82DB4E19DD2872C8618A21369DBBD8C283FA9C9FF5FE69EF5E40C5856D93689577BF6E85D0300040C75586C008A6824BF28A01390F41667E1DEC574C390CE5A006E6300017A487CDAE88F70282A6703E6A7568774F3D73BCDF5529A4CAD694E553FF788C96F8AACE75063B4000012D69F500059007D784D0DBE0A00F08BC9448000000085DB02DB32539108470800E320B90900E34FD0551B00AC44EF94E89EAF91AABF9F44B3D0027DCD4F19BA86B261FF435E80176C28DFF5AC0519AAEB5E70AAACE8E71FB5DAB94779E8AB8EED0458C7190683610BB3A3FA70FF
74	26394620	0102001800726B4FF37D7FA900000000AF0131FC73CE27EAFB18500720520E007D6BB003E82DB4E19DD2872C8618A21369DBBD8C283FA9C9FF5FE69EF5E40C5856D93689577BF6E85D0300040E425E6C008A6824BF28A01390F41667E1DEC574C390CE5A006E6300017A487CDAE88F70282A6703E6A7568774F3D73BCDF5529A4CAD694E553FF788C96F8AACE75063B4000012D69F500059007D784D0DBE0A00F08BC9448000000085DB02DB32539108470800E320B90900E34FD0551B00AC44EF94E89EAF91AABF9F44B3D0027DCD4F19BA86B261FF435E80176C28DFF5AC0519AAEB5E70AAACE8E71FB5DAB94779E8AB8EED0458C7190683610BB3A3FA70FF
75	26751984	0102001800726B4FF37D7FA900000000AF0131FC73CE27EAFB18500720520E007D6BB003E82DB4E19DD2872C8618A21369DBBD8C283FA9C9FF5FE69EF5E40C5856D93689577BF6E85D0300040E425E6C008A6824BF28A01390F41667E1DEC574C390CE5A006E6300017A487CDAE88F70282A6703E6A7568774F3D73BCDF5529A4CAD694E553FF788C96F8AACE75063B4000012D69F500059007D784D0DBE0A00F08BC9448000000085DB02DB32539108470800E320B90900E34FD0551B00AC44EF94E89EAF91AABF9F44B3D0027DCD4F19BA86B261FF435E80176C28DFF5AC0519AAEB5E70AAACE8E71FB5DAB94779E8AB8EED0458C7190683610BB3A3FA70FF
76	27109352	0102001800726B4FF37D7FA900000000AF0131FC73CE27EAFB18500720520F007D6BB003E82DB4E19DD2872C8618A21369DBBD8C283FA9C9FF5FE69EF5E40C5856D93689577BF6E85D0300040F7C666C008A6824BF28A01390F41667E1DEC574C390CE5A006E6300017A487CDAE88F70282A6703E6A7568774F3D73BCDF5529A4CAD694E553FF788C96F8AACE75063B4000012D69F500059007D784D0DBE0A00F08BC9448000000085DB02DB32539108470800E320B90900E34FD0551B00AC44EF94E89EAF91AABF9F44B3D0027DCD4F19BA86B261FF435E80176C28DFF5AC0519AAEB5E70AAACE8E71FB5DAB94779E8AB8EED0458C7190683610BB3A3FA70FF
77	27466716	0102001800726B4FF37D7FA900000000AF0131FC73CE27EAFB185007205214007D6BB003E82DB4E19DD2872C8618A21369DBBD8C283FA9C9FF5FE69EF5E40C5856D93689577BF6E85D0300041494696C008A6824BF28A01390F41667E1DEC574C390CE5A006E6300017A487CDAE88F70282A6703E6A7568774F3D73BCDF5529A4CAD694E553FF788C96F8AACE75063B4000012D69F500059007D784D0DBE0A00F08BC9448000000085DB02DB32539108470800E320B90900E34FD0551B00AC44EF94E89EAF91AABF9F44B3D0027DCD4F19BA86B261FF435E80176C28DFF5AC0519AAEB5E70AAACE8E71FB5DAB94779E8AB8EED0458C7190683610BB3A3FA70FF
78	27824084	0102001800726B4FF37D7FA900000000AF0131FC73CE27EAFB185007205219007D6BB003E82DB4E19DD2872C8618A21369DBBD8C283FA9C9FF5FE69EF5E40C5856D93689577BF6E85D03000419636A6C008A6824BF28A01390F41667E1DEC574C390CE5A006E6300017A487CDAE88F70282A6703E6A7568774F3D73BCDF5529A4CAD694E553FF788C96F8AACE75063B4000012D69F500059007D784D0DBE0A00F08BC9448000000085DB02DB32539108470800E320B90900E34FD0551B00AC44EF94E89EAF91AABF9F44B3D0027DCD4F19BA86B261FF435E80176C28DFF5AC0519AAEB5E70AAACE8E71FB5DAB94779E8AB8EED0458C7190683610BB3A3FA70FF
79	28181448	0102001800726B4FF37D7FA900000000AF0131FC73CE27EAFB185007205238007D6BB003E82DB4E19DD2872C8618A21369DBBD8C283FA9C9FF5FE69EF5E40C5856D93689577BF6E85D03000438536E6C008A6824BF28A01390F41667E1DEC574C390CE5A006E6300017A487CDAE88F70282A6703E6A7568774F3D73BCDF5529A4CAD694E553FF788C96F8AACE75063B4000012D69F500059007D784D0DBE0A00F08BC9448000000085DB02DB32539108470800E320B90900E34FD0551B00AC44EF94E89EAF91AABF9F44B3D0027DCD4F19BA86B261FF435E80176C28DFF5AC0519AAEB5E70AAACE8E71FB5DAB94779E8AB8EED0458C7190683610BB3A3FA70FF
80	28538816	0102001800726B4FF37D7FA900000000AF0131FC73CE27EAFB185007205238007D6BB003E82DB4E19DD2872C8618A21369DBBD8C283FA9C9FF5FE69EF5E40C5856D93689577BF6E85D03000438536E6C008A6824BF28A01390F41667E1DEC574C390CE5A006E6300017A487CDAE88F70282A6703E6A7568774F3D73BCDF5529A4CAD694E553FF788C96F8AACE75063B4000012D69F500059007D784D0DBE0A00F08BC9448000000085DB02DB32539108470800E320B90900E34FD0551B00AC44EF94E89EAF91AABF9F44B3D0027DCD4F19BA86B261FF435E80176C28DFF5AC0519AAEB5E70AAACE8E71FB5DAB94779E8AB8EED0458C7190683610BB3A3FA70FF
81	28896180	0102001800726B4FF37D7FA900000000AF0131FC73CE27EAFB185007205222007D6BB003E82DB4E19DD2872C8618A21369DBBD8C283FA9C9FF5FE69EF5E40C5856D93689577BF6E85D03000422AF726C008A6824BF28A01390F41667E1DEC574C390CE5A006E6300017A487CDAE88F70282A6703E6A7568774F3D73BCDF5529A4CAD694E553FF788C96F8AACE75063B4000012D69F500059007D784D0DBE0A00F08BC9448000000085DB02DB32539108470800E320B90900E34FD0551B00AC44EF94E89EAF91AABF9F44B3D0027DCD4F19BA86B261FF435E80176C28DFF5AC0519AAEB5E70AAACE8E71FB5DAB94779E8AB8EED0458C7190683610BB3A3FA70FF
82	29253548	7600001800726B4FF37D7FA900000000AF0131FC73CE27EAFB185007205201007D6BB003E82DB4E19DD2872C8618A21369DBBD8C283FA9C9FF5FE69EF5E40C5856D93689577BF6E85D03000500E2756C008A6824BF28A01390F41667E1DEC574C390CE5A006E6300017A487CDAE88F70282A6703E6A7568774F3D73BCDF5529A4CAD694E553FF788C96F8AACE75063B4000012D69F500059007D784D0DBE0A00F08BF4FF8000000085DB02DB32539108470800E020B90900E04FD0551B01AC44EF94E89EAF91AABF9F44B3D0027DCD4F19BA86B261FF435E80176C28DFF5AC0519AAEB5E70AAACE8E71FB5DAB94779E8AB8EED0458C7190683610BB3A3FA70FF
83	29610912	7600001800726B4FF37D7FA900000000AF0131FC73CE27EAFB185007205201007D6BB003E82DB4E19DD2872C8618A21369DBBD8C283FA9C9FF5FE69EF5E40C5856D93689577BF6E85D03000B02FF756C008A6824BF28A01390F41667E1DEC574C390CE5A006E6300017A487CDAE88F70282A6703E6A7568774F3D73BCDF5529A4CAD694E553FF788C96F8AACE75063B4000012D69F500059007D784D0DBE0A00F08BF4FF8000000085DB02DB32539108470800E020B90900E04FD0550101AC44EF94E89EAF91AABF9F44B3D0027DCD4F19BA86B261FF435E80176C28DFF5AC0519AAEB5E70AAACE8E71FB5DAB94779E8AB8EED0458C7190683610BB3A3FA70FF
84	29968280	7600001800726B4FF37D7FA900000000AF0131FC73CE27EAFB185007205201007D6BB003E82DB4E19DD2872C8618A21369DBBD8C283FA9C9FF5FE69EF5E40C5856D93689577BF6E85D03800B02FF756C008A6824BF28A01390F41667E1DEC574C390CE5A006E6300017A487CDAE88F70282A6703E6A7568774F3D73BCDF5529A4CAD694E553FF788C96F8AACE75063B4000012D69F500059007D784D0DBE0A00F08BF4FF8000000085DB02DB32539108470800E020B90900E04FD0550101AC44EF94E89EAF91AABF9F44B3D0027DCD4F19BA86B261FF435E80176C28DFF5AC0519AAEB5E70AAACE8E71FB5DAB94779E8AB8EED0458C7190683610BB3A3FA70FF
85	30325644	00000000000000000000000000000000000000000000000000000000000000000000000000000000000000000000000000000000000000000000000000000000000000000000000000000000000000000000000000000000000000000000000000000000000000000000000000000000000000000000000000000000000000000000000000000000000000000000000000000000000000000000000000000000000000000000000000000000000000000000000000000000000000000000000000000000000000000000000000000000000000000000000000000000000000000000000000000000000000000000000000000000000000000000000000000000
86	30683012	00000000000000000000000000000000000000000000000000000000000000000000000000000000000000000000000000000000000000000000000000000000000000000000000000000000000000000000000000000000000000000000000000000000000000000000000000000000000000000000000000000000000000000000000000000000000000000000000000000000000000000000000000000000000000000000000000000000000000000000000000000000004FD0000000000000000000000000000000000000000000000000000000000000000000000000000000000000000000000000000000000000000000000000000000000000000000
87	31040376	00000000000000000000000000000000000000000000000000000000000000000000000000000000000000000000000000000000000000000000000000000000000000000000000000000000000000000000000000000000000000000000000000000000000000000000000000000000000000000000000000000000000000000000000000000000000000000000000000000000000000000000000000000000000000000000000000000000000000000000000000000000004FD0000000000000000000000000000000000000000000000000000000000000000000000000000000000000000000000000000000000000000000000000000000000000000000
88	31397744	00000000000000000000000000000000000000000000000000000000000000000000000000000000000000000000000000000000000000000000000000000000000000000000000000000000000000000000000000000000000000000000000000000000000000000000000000000000000000000000000000000000000000000000000000000000000000000000000000000000000000000000000000000000000000000000000000000000000000000000000000000000004FD0000000000000000000000000000000000000000000000000000000000000000000000000000000000000000000000000000000000000000000000000000000000000000000
89	31755108	00000000000000000000000000000000000000000000000000000000000000000000000000000000000000000000000000000000000000000000000000000000000000000000000000000000000000000000000000000000000000000000000000000000000000000000000000000000000000000000000000000000000000000000000000000000000000000000000000000000000000000000000000000000000000000000000000000000000000000000000000000000004FD0000000000000000000000000000000000000000000000000000000000000000000000000000000000000000000000000000000000000000000000000000000000000000000
90	32112476	00000000000000000000000000000000000000000000000000000000000000000000000000000000000000000000000000000000000000000000000000000000000000000000000000000000000000000000000000000000000000000000000000000000000000000000000000000000000000000000000000000000000000000000000000000000000000000000000000000000000000000000000000000000000000000000000000000000000000000000000000000000004FD0370000000000000000000000000000000000000000000000000000000000000000000000000000000000000000000000000000000000000000000000000000000000000000
91	32469840	00000000000000000000000000000000000000000000000000000000000000000000000000000000000000000000000000000000000000000000000000000000000000000000000000000000000000000000000000000000000000000000000000000000000000000000000000000000000000000000000000000000000000000000000000000000000000000000000000000000000000000000000000000000000000000000000000000000000000000000000000000000004FD0370000000000000000000000000000000000000000000000000000000000000000000000000000000000000000000000000000000000000000000000000000000000000000
92	32827208	00000000000000000000000000000000000000000000000000000000000000000000000000000000000000000000000000000000000000000000000000000000000000000000000000000000000000000000000000000000000000000000000000000000000000000000000000000000000000000000000000000000000000000000000000000000000000000000000000000000000000000000000000000000000000000000000000000000000000000000000000000000004FD0370000000000000000000000000000000000000000000000000000000000000000000000000001000000000000000000000000000000000000000000010000000000000000
93	33184572	00000000000000000000000000000000000000000000000000000000000000000000000000000000000000000000000000000000000000000000000000000000000000000000000000000000000000000000000000000000000000000000000000000000000000000000000000000000000000000000000000000000000000000000000000000000000000000000000000000000000000000000000000000000000000000000000000000000000000000000000000000000004FD0370000000000000000000000000000000000000000000000000000000000000000000000000002000000000000000000000000000000000000000000000000000000000000
94	33541940	00000000000000000000000000000000000000000000000000000000000000000000000000000000000000000000000000000000000000000000000000000000000000000000000000000000000000000000000000000000000000000000000000000000000000000000000000000000000000000000000000000000000000000000000000000000000000000000000000000000000000000000000000000000000000000000000000000000000000000000000000000000004FD0370000000000000000000000000000000000000000000000000000000000000000000000000002000000000000000000000000000000000000000000000000000000000000
95	33899304	00000000000000000000000000000D00000000000000000000000000000000000000000000000000000000000000000000000000000000000000000000000000000000000000000000000000000000000000000000000000000000000000000000000000000000000000000000000000000000000000000000000000000000000000000000000000000000000000000000000000000000000000000000000000000000000000000000000000000000000000000000000000004FD0370000000000000000000000000000000000000000000000000000000000008000000000000003000000000000000000000000000000000000000000010000000000000000
96	34256672	00000000000000000000000000000D00000000000000000000000000000000000000000000000000000000000000000000000000000000000000000000000000000000000000000000000000000000000000000000000000000000000000000000000000000000000000000000000000000000000000000000000000000000000000000000000000000000000000000000000000000000000000000000000000000000000000000000000000000000000000000000000000004FD0370000000000000000000000000000000000000000000000000000000000008000000000000003000000000000000000000000000000000000000000010000000000000000
97	34614036	0A000000000000000000000000000D00000000000000000000000000000000000A00070000000000010400000000000000000000000000000000000000000000000000000000000000000000000000000000000000000000000000000000000000000000000000000000000000000000000000000000000000000000000000000000000000000000000000000000000000000000000000000000000000000000000000000000000000000000000000000000000000000000004FD0370000000000000000000000000000000000000000000000000000000000008000000000000004000000000000000000000000000000000000000000000000000000000000
98	34971404	00000000000000000000000000000D00000000000000000000000000000000000A00070000000000010400000000000000000000000000000000000000000000000000000000000000000000000000000000000000000000000000000000000000000000000000000000000000000000000000000000000000000000000000000000000000000000000000000000000000000000000000000000000000000000000000000000000000000000000000000000000000000000004FD0370000000000000000000000000000000000000000000000000000000000008000000000000005000000000000000000000000000000000000000000010000000000000000
99	35328768	01000000000000000000000000000D00000000000000000000000000000000000A00070000000000010400000000000000000000000000000000000000000000000000000000000000000000000000000000000000000000000000000000000000000000000000000000000000000000000000000000000000000000000000000000000000000000000000000000000000000000000000000000000000000000000000000000000000000000000000000000000000000000004FD0370000000000000000000000000000000000000000000000000000000000008000000000000006000000000000000000000000000000000000000000000000000000000000
100	35686136	02000000000000000000000000000D00000000000000000000000000000000000A00070000000000010400000000000000000000000000000000000000000000000000000000000000000000000000000000000000000000000000000000000000000000000000000000000000000000000000000000000000000000000000000000000000000000000000000000000000000000000000000000000000000000000000000000000000000000000000000000000000000000004FD0370000000000000000000000000000000000000000000000000000000000008000000000000007000000000000000000000000000000000000000000010000000000000000
101	36043500	03000000000000000000000000000D00000000000000000000000000000000000A00070000000000010400000000000000000000000000000000000000000000000000000000000000000000000000000000000000000000000000000000000000000000000000000000000000000000000000000000000000000000000000000000000000000000000000000000000000000000000000000000000000000000000000000000000000000000000000000000000000000000004FD0370000000000000000000000000000000000000000000000000000000000008000000000000008000000000000000000000000000000000000000000000000000000000000
102	36400868	04000000000000000000000000000D00000000000000000000000000000000000A00070000000000010400000000000000000000000000000000000000000000000000000000000000000000000000000000000000000000000000000000000000000000000000000000000000000000000000000000000000000000000000000000000000000000000000000000000000000000000000000000000000000000000000000000000000000000000000000000000000000000004FD0370000000000000000000000000000000000000000000000000000000000008000000000000009000000000000000000000000000000000000000000010000000000000000
103	36758232	05000000000000000000000000000D00000000000000000000000000000000000A00070000000000010400000000000000000000000000000000000000000000000000000000000000000000000000000000000000000000000000000000000000000000000000000000000000000000000000000000000000000000000000000000000000000000000000000000000000000000000000000000000000000000000000000000000000000000000000000000000000000000004FD037000000000000000000000000000000000000000000000000000000000000800000000000000A000000000000000000000000000000000000000000000000000000000000
104	37115600	06000000000000000000000000000D00000000000000000000000000000000000A00070000000000010400000000000000000000000000000000000000000000000000000000000000000000000000000000000000000000000000000000000000000000000000000000000000000000000000000000000000000000000000000000000000000000000000000000000000000000000000000000000000000000000000000000000000000000000000000000000000000000004FD037000000000000000000000000000000000000000000000000000000000000800000000000000B000000000000000000000000000000000000000000010000000000000000
105	37472964	07000000000000000000000000000D00000000000000000000000000000000000A00070000000000010400000000000000000000000000000000000000000000000000000000000000000000000000000000000000000000000000000000000000000000000000000000000000000000000000000000000000000000000000000000000000000000000000000000000000000000000000000000000000000000000000000000000000000000000000000000000000000000004FD037000000000000000000000000000000000000000000000000000000000000800000000000000C000000000000000000000000000000000000000000000000000000000000
106	37830332	08000000000000000000000000000D00000000000000000000000000000000000A00070000000000010400000000000000000000000000000000000000000000000000000000000000000000000000000000000000000000000000000000000000000000000000000000000000000000000000000000000000000000000000000000000000000000000000000000000000000000000000000000000000000000000000000000000000000000000000000000000000000000004FD037000000000000000000000000000000000000000000000000000000000000800000000000000D000000000000000000000000000000000000000000010000000000000000
107	38187696	09000000000000000000000000000D00000000000000000000000000000000000A00070000000000010400000000000000000000000000000000000000000000000000000000000000000000000000000000000000000000000000000000000000000000000000000000000000000000000000000000000000000000000000000000000000000000000000000000000000000000000000000000000000000000000000000000000000000000000000000000000000000000004FD037000000000000000000000000000000000000000000000000000000000000800000000000000E000000000000000000000000000000000000000000000000000000000000
108	38545064	0A000000000000000000000000000D00000000000000000000000000000000000A00070000000000010400000000000000000000000000000000000000000000000000000000000000000000000000000000000000000000000000000000000000000000000000000000000000000000000000000000000000000000000000000000000000000000000000000000000000000000000000000000000000000000000000000000000000000000000000000000000000000000004FD037000000000000000000000000000000000000000000000000000000000000800000000000000F000000000000000000000000000000000000000000010000000000000000
109	38902428	0B000000000000000000000000000D00000000000000000000000000000000000A00070000000000010400000000000000000000000000000000000000000000000000000000000000000000000000000000000000000000000000000000000000000000000000000000000000000000000000000000000000000000000000000000000000000000000000000000000000000000000000000000000000000000000000000000000000000000000000000000000000000000004FD0370000000000000000000000000000000000000000000000000000000000008000000000000010000000000000000000000000000000000000000000000000000000000000
110	39259796	0C000000000000000000000000000D00000000000000000000000000000000000A00070000000000010400000000000000000000000000000000000000000000000000000000000000000000000000000000000000000000000000000000000000000000000000000000000000000000000000000000000000000000000000000000000000000000000000000000000000000000000000000000000000000000000000000000000000000000000000000000000000000000004FD0370000000000000000000000000000000000000000000000000000000000008000000000000011000000000000000000000000000000000000000000010000000000000000
111	39617160	0D000000000000000000000000000D00000000000000000000000000000000000A00070000000000010400000000000000000000000000000000000000000000000000000000000000000000000000000000000000000000000000000000000000000000000000000000000000000000000000000000000000000000000000000000000000000000000000000000000000000000000000000000000000000000000000000000000000000000000000000000000000000000004FD0370000000000000000000000000000000000000000000000000000000000008000000000000012000000000000000000000000000000000000000000000000000000000000
112	39974528	0E000000000000000000000000000D00000000000000000000000000000000000A00070000000000010400000000000000000000000000000000000000000000000000000000000000000000000000000000000000000000000000000000000000000000000000000000000000000000000000000000000000000000000000000000000000000000000000000000000000000000000000000000000000000000000000000000000000000000000000000000000000000000004FD0370000000000000000000000000000000000000000000000000000000000008000000000000013000000000000000000000000000000000000000000010000000000000000
113	40331892	82000000000000000000000000000D00000000000000000000000000000000000A00070000000000010400000000000000000000000000000000000000000000000000000000000000000000000000000000000000000000000000000000000000000000000000000000000000000000000000000000000000000000000000000000000000000000000000000000000000000000000000000000000000000000000000000000000000000000000000000000000000000000004FD0370000000000000000000000000000000000000000000000000000000000008000000000000014000000000000000000000000000000000000000000000000000000000000
114	40689260	81000000000000000000000000000D00000000000000000000000000000000000A00070000000000010400000000000000000000000000000000000000000000000000000000000000000000000000000000000000000000000000000000000000000000000000000000000000000000000000000000000000000000000000000000000000000000000000000000000000000000000000000000000000000000000000000000000000000000000000000000000000000000004FD0370000000000000000000000000000000000000000000000000000000000008000000000000015000000000000000000000000000000000000000000010000000000000000
115	41046624	80000000000000000000000000000D00000000000000000000000000000000000A00070000000000010400000000000000000000000000000000000000000000000000000000000000000000000000000000000000000000000000000000000000000000000000000000000000000000000000000000000000000000000000000000000000000000000000000000000000000000000000000000000000000000000000000000000000000000000000000000000000000000004FD0370000000000000000000000000000000000000000000000000000000000008000000000000016000000000000000000000000000000000000000000000000000000000000
116	41403992	7F000000000000000000000000000D00000000000000000000000000000000000A00070000000000010400000000000000000000000000000000000000000000000000000000000000000000000000000000000000000000000000000000000000000000000000000000000000000000000000000000000000000000000000000000000000000000000000000000000000000000000000000000000000000000000000000000000000000000000000000000000000000000004FD0370000000000000000000000000000000000000000000000000000000000008000000000000017000000000000000000000000000000000000000000010000000000000000
117	41761356	7E000000000000000000000000000D00000000000000000000000000000000000A00070000000000010400000000000000000000000000000000000000000000000000000000000000000000000000000000000000000000000000000000000000000000000000000000000000000000000000000000000000000000000000000000000000000000000000000000000000000000000000000000000000000000000000000000000000000000000000000000000000000000004FD0370000000000000000000000000000000000000000000000000000000000008000000000000018000000000000000000000000000000000000000000000000000000000000
118	42118724	7D000000000000000000000000000D00000000000000000000000000000000000A00070000000000010400000000000000000000000000000000000000000000000000000000000000000000000000000000000000000000000000000000000000000000000000000000000000000000000000000000000000000000000000000000000000000000000000000000000000000000000000000000000000000000000000000000000000000000000000000000000000000000004FD0370000000000000000000000000000000000000000000000000000000000008000000000000019000000000000000000000000000000000000000000010000000000000000
119	42476088	7C000000000000000000000000000D00000000000000000000000000000000000A00070000000000010400000000000000000000000000000000000000000000000000000000000000000000000000000000000000000000000000000000000000000000000000000000000000000000000000000000000000000000000000000000000000000000000000000000000000000000000000000000000000000000000000000000000000000000000000000000000000000000004FD037000000000000000000000000000000000000000000000000000000000000800000000000001A000000000000000000000000000000000000000000000000000000000000
120	42833456	7B000000000000000000000000000D00000000000000000000000000000000000A00070000000000010400000000000000000000000000000000000000000000000000000000000000000000000000000000000000000000000000000000000000000000000000000000000000000000000000000000000000000000000000000000000000000000000000000000000000000000000000000000000000000000000000000000000000000000000000000000000000000000004FD037000000000000000000000000000000000000000000000000000000000000800000000000001B000000000000000000000000000000000000000000010000000000000000
121	43190820	7A000000000000000000000000000D00000000000000000000000000000000000A00070000000000010400000000000000000000000000000000000000000000000000000000000000000000000000000000000000000000000000000000000000000000000000000000000000000000000000000000000000000000000000000000000000000000000000000000000000000000000000000000000000000000000000000000000000000000000000000000000000000000004FD037000000000000000000000000000000000000000000000000000000000000800000000000001C000000000000000000000000000000000000000000000000000000000000
122	43548188	79000000000000000000000000000D00000000000000000000000000000000000A00070000000000010400000000000000000000000000000000000000000000000000000000000000000000000000000000000000000000000000000000000000000000000000000000000000000000000000000000000000000000000000000000000000000000000000000000000000000000000000000000000000000000000000000000000000000000000000000000000000000000004FD037000000000000000000000000000000000000000000000000000000000000800000000000001D000000000000000000000000000000000000000000010000000000000000
123	43905552	78000000000000000000000000000D00000000000000000000000000000000000A00070000000000010400000000000000000000000000000000000000000000000000000000000000000000000000000000000000000000000000000000000000000000000000000000000000000000000000000000000000000000000000000000000000000000000000000000000000000000000000000000000000000000000000000000000000000000000000000000000000000000004FD037000000000000000000000000000000000000000000000000000000000000800000000000001E000000000000000000000000000000000000000000000000000000000000
124	44262920	77000000000000000000000000000D00000000000000000000000000000000000A00070000000000010400000000000000000000000000000000000000000000000000000000000000000000000000000000000000000000000000000000000000000000000000000000000000000000000000000000000000000000000000000000000000000000000000000000000000000000000000000000000000000000000000000000000000000000000000000000000000000000004FD037000000000000000000000000000000000000000000000000000000000000800000000000001F000000000000000000000000000000000000000000010000000000000000
125	44620284	76000000000000000000000000000D00000000000000000000000000000000000A00070000000000010400000000000000000000000000000000000000000000000000000000000000000000000000000000000000000000000000000000000000000000000000000000000000000000000000000000000000000000000000000000000000000000000000000000000000000000000000000000000000000000000000000000000000000000000000000000000000000000004FD0370000000000000000000000000000000000000000000000000000000000008000000000000020000000000000000000000000000000000000000000000000000000000000
126	44977652	75000000000000000000000000000D00000000000000000000000000000000000A00070000000000010400000000000000000000000000000000000000000000000000000000000000000000000000000000000000000000000000000000000000000000000000000000000000000000000000000000000000000000000000000000000000000000000000000000000000000000000000000000000000000000000000000000000000000000000000000000000000000000004FD0370000000000000000000000000000000000000000000000000000000000008000000000000021000000000000000000000000000000000000000000010000000000000000
127	45335016	74000000000000000000000000000D00000000000000000000000000000000000A00070000000000010400000000000000000000000000000000000000000000000000000000000000000000000000000000000000000000000000000000000000000000000000000000000000000000000000000000000000000000000000000000000000000000000000000000000000000000000000000000000000000000000000000000000000000000000000000000000000000000004FD0370000000000000000000000000000000000000000000000000000000000008000000000000022000000000000000000000000000000000000000000000000000000000000
128	45692384	73000000000000000000000000000D00000000000000000000000000000000000A00070000000000010400000000000000000000000000000000000000000000000000000000000000000000000000000000000000000000000000000000000000000000000000000000000000000000000000000000000000000000000000000000000000000000000000000000000000000000000000000000000000000000000000000000000000000000000000000000000000000000004FD0370000000000000000000000000000000000000000000000000000000000008000000000000023000000000000000000000000000000000000000000010000000000000000
129	46049748	72000000000000000000000000000D00000000000000000000000000000000000A00070000000000010400000000000000000000000000000000000000000000000000000000000000000000000000000000000000000000000000000000000000000000000000000000000000000000000000000000000000000000000000000000000000000000000000000000000000000000000000000000000000000000000000000000000000000000000000000000000000000000004FD0370000000000000000000000000000000000000000000000000000000000008000000000000024000000000000000000000000000000000000000000000000000000000000
130	46407116	71000000000000000000000000000D00000000000000000000000000000000000A00070000000000010400000000000000000000000000000000000000000000000000000000000000000000000000000000000000000000000000000000000000000000000000000000000000000000000000000000000000000000000000000000000000000000000000000000000000000000000000000000000000000000000000000000000000000000000000000000000000000000004FD0370000000000000000000000000000000000000000000000000000000000008000000000000025000000000000000000000000000000000000000000010000000000000000
131	46764480	70000000000000000000000000000D00000000000000000000000000000000000A00070000000000010400000000000000000000000000000000000000000000000000000000000000000000000000000000000000000000000000000000000000000000000000000000000000000000000000000000000000000000000000000000000000000000000000000000000000000000000000000000000000000000000000000000000000000000000000000000000000000000004FD0370000000000000000000000000000000000000000000000000000000000008000000000000026000000000000000000000000000000000000000000000000000000000000
132	47121848	6F000000000000000000000000000D00000000000000000000000000000000000A00070000000000010400000000000000000000000000000000000000000000000000000000000000000000000000000000000000000000000000000000000000000000000000000000000000000000000000000000000000000000000000000000000000000000000000000000000000000000000000000000000000000000000000000000000000000000000000000000000000000000004FD0370000000000000000000000000000000000000000000000000000000000008000000000000027000000000000000000000000000000000000000000010000000000000000
133	47479212	6E000000000000000000000000000D00000000000000000000000000000000000A00070000000000010400000000000000000000000000000000000000000000000000000000000000000000000000000000000000000000000000000000000000000000000000000000000000000000000000000000000000000000000000000000000000000000000000000000000000000000000000000000000000000000000000000000000000000000000000000000000000000000004FD0370000000000000000000000000000000000000000000000000000000000008000000000000028000000000000000000000000000000000000000000000000000000000000
134	47836580	6D000000000000000000000000000D00000000000000000000000000000000000A00070000000000010400000000000000000000000000000000000000000000000000000000000000000000000000000000000000000000000000000000000000000000000000000000000000000000000000000000000000000000000000000000000000000000000000000000000000000000000000000000000000000000000000000000000000000000000000000000000000000000004FD0370000000000000000000000000000000000000000000000000000000000008000000000000029000000000000000000000000000000000000000000010000000000000000
135	48193944	6C000000000000000000000000000D00000000000000000000000000000000000A00070000000000010400000000000000000000000000000000000000000000000000000000000000000000000000000000000000000000000000000000000000000000000000000000000000000000000000000000000000000000000000000000000000000000000000000000000000000000000000000000000000000000000000000000000000000000000000000000000000000000004FD037000000000000000000000000000000000000000000000000000000000000800000000000002A000000000000000000000000000000000000000000000000000000000000
136	48551312	6B000000000000000000000000000D00000000000000000000000000000000000A00070000000000010400000000000000000000000000000000000000000000000000000000000000000000000000000000000000000000000000000000000000000000000000000000000000000000000000000000000000000000000000000000000000000000000000000000000000000000000000000000000000000000000000000000000000000000000000000000000000000000004FD037000000000000000000000000000000000000000000000000000000000000800000000000002B000000000000000000000000000000000000000000010000000000000000
137	48908676	6A000000000000000000000000000D00000000000000000000000000000000000A00070000000000010400000000000000000000000000000000000000000000000000000000000000000000000000000000000000000000000000000000000000000000000000000000000000000000000000000000000000000000000000000000000000000000000000000000000000000000000000000000000000000000000000000000000000000000000000000000000000000000004FD037000000000000000000000000000000000000000000000000000000000000800000000000002C000000000000000000000000000000000000000000000000000000000000
138	49266044	69000000000000000000000000000D00000000000000000000000000000000000A00070000000000010400000000000000000000000000000000000000000000000000000000000000000000000000000000000000000000000000000000000000000000000000000000000000000000000000000000000000000000000000000000000000000000000000000000000000000000000000000000000000000000000000000000000000000000000000000000000000000000004FD037000000000000000000000000000000000000000000000000000000000000800000000000002D000000000000000000000000000000000000000000010000000000000000
139	49623408	68000000000000000000000000000D00000000000000000000000000000000000A00070000000000010400000000000000000000000000000000000000000000000000000000000000000000000000000000000000000000000000000000000000000000000000000000000000000000000000000000000000000000000000000000000000000000000000000000000000000000000000000000000000000000000000000000000000000000000000000000000000000000004FD037000000000000000000000000000000000000000000000000000000000000800000000000002E000000000000000000000000000000000000000000000000000000000000
140	49980776	67000000000000000000000000000D00000000000000000000000000000000000A00070000000000010400000000000000000000000000000000000000000000000000000000000000000000000000000000000000000000000000000000000000000000000000000000000000000000000000000000000000000000000000000000000000000000000000000000000000000000000000000000000000000000000000000000000000000000000000000000000000000000004FD037000000000000000000000000000000000000000000000000000000000000800000000000002F000000000000000000000000000000000000000000010000000000000000
141	50338140	66000000000000000000000000000D00000000000000000000000000000000000A00070000000000010400000000000000000000000000000000000000000000000000000000000000000000000000000000000000000000000000000000000000000000000000000000000000000000000000000000000000000000000000000000000000000000000000000000000000000000000000000000000000000000000000000000000000000000000000000000000000000000004FD0370000000000000000000000000000000000000000000000000000000000008000000000000030000000000000000000000000000000000000000000000000000000000000
142	50695508	65000000000000000000000000000D00000000000000000000000000000000000A00070000000000010400000000000000000000000000000000000000000000000000000000000000000000000000000000000000000000000000000000000000000000000000000000000000000000000000000000000000000000000000000000000000000000000000000000000000000000000000000000000000000000000000000000000000000000000000000000000000000000004FD0370000000000000000000000000000000000000000000000000000000000008000000000000031000000000000000000000000000000000000000000010000000000000000
143	51052872	64000000000000000000000000000D00000000000000000000000000000000000A00070000000000010400000000000000000000000000000000000000000000000000000000000000000000000000000000000000000000000000000000000000000000000000000000000000000000000000000000000000000000000000000000000000000000000000000000000000000000000000000000000000000000000000000000000000000000000000000000000000000000004FD0370000000000000000000000000000000000000000000000000000000000008000000000000032000000000000000000000000000000000000000000000000000000000000
144	51410240	63000000000000000000000000000D00000000000000000000000000000000000A00070000000000010400000000000000000000000000000000000000000000000000000000000000000000000000000000000000000000000000000000000000000000000000000000000000000000000000000000000000000000000000000000000000000000000000000000000000000000000000000000000000000000000000000000000000000000000000000000000000000000004FD0370000000000000000000000000000000000000000000000000000000000008000000000000033000000000000000000000000000000000000000000010000000000000000
145	51767604	62000000000000000000000000000D00000000000000000000000000000000000A00070000000000010400000000000000000000000000000000000000000000000000000000000000000000000000000000000000000000000000000000000000000000000000000000000000000000000000000000000000000000000000000000000000000000000000000000000000000000000000000000000000000000000000000000000000000000000000000000000000000000004FD0370000000000000000000000000000000000000000000000000000000000008000000000000034000000000000000000000000000000000000000000000000000000000000
146	52124972	61000000000000000000000000000D00000000000000000000000000000000000A00070000000000010400000000000000000000000000000000000000000000000000000000000000000000000000000000000000000000000000000000000000000000000000000000000000000000000000000000000000000000000000000000000000000000000000000000000000000000000000000000000000000000000000000000000000000000000000000000000000000000004FD0370000000000000000000000000000000000000000000000000000000000008000000000000035000000000000000000000000000000000000000000010000000000000000
147	52482336	60000000000000000000000000000D00000000000000000000000000000000000A00070000000000010400000000000000000000000000000000000000000000000000000000000000000000000000000000000000000000000000000000000000000000000000000000000000000000000000000000000000000000000000000000000000000000000000000000000000000000000000000000000000000000000000000000000000000000000000000000000000000000004FD0370000000000000000000000000000000000000000000000000000000000008000000000000036000000000000000000000000000000000000000000000000000000000000
148	52839704	5F000000000000000000000000000D00000000000000000000000000000000000A00070000000000010400000000000000000000000000000000000000000000000000000000000000000000000000000000000000000000000000000000000000000000000000000000000000000000000000000000000000000000000000000000000000000000000000000000000000000000000000000000000000000000000000000000000000000000000000000000000000000000004FD0370000000000000000000000000000000000000000000000000000000000008000000000000037000000000000000000000000000000000000000000010000000000000000
149	53197068	5E000000000000000000000000000D00000000000000000000000000000000000A00070000000000010400000000000000000000000000000000000000000000000000000000000000000000000000000000000000000000000000000000000000000000000000000000000000000000000000000000000000000000000000000000000000000000000000000000000000000000000000000000000000000000000000000000000000000000000000000000000000000000004FD0370000000000000000000000000000000000000000000000000000000000008000000000000038000000000000000000000000000000000000000000000000000000000000
150	53554436	5D000000000000000000000000000D00000000000000000000000000000000000A00070000000000010400000000000000000000000000000000000000000000000000000000000000000000000000000000000000000000000000000000000000000000000000000000000000000000000000000000000000000000000000000000000000000000000000000000000000000000000000000000000000000000000000000000000000000000000000000000000000000000004FD0370000000000000000000000000000000000000000000000000000000000008000000000000039000000000000000000000000000000000000000000010000000000000000
151	53911800	5C000000000000000000000000000D00000000000000000000000000000000000A00070000000000010400000000000000000000000000000000000000000000000000000000000000000000000000000000000000000000000000000000000000000000000000000000000000000000000000000000000000000000000000000000000000000000000000000000000000000000000000000000000000000000000000000000000000000000000000000000000000000000004FD037000000000000000000000000000000000000000000000000000000000000800000000000003A000000000000000000000000000000000000000000000000000000000000
152	54269168	5B000000000000000000000000000D00000000000000000000000000000000000A00070000000000010400000000000000000000000000000000000000000000000000000000000000000000000000000000000000000000000000000000000000000000000000000000000000000000000000000000000000000000000000000000000000000000000000000000000000000000000000000000000000000000000000000000000000000000000000000000000000000000004FD037000000000000000000000000000000000000000000000000000000000000800000000000003B000000000000000000000000000000000000000000010000000000000000
153	54626532	5A000000000000000000000000000D00000000000000000000000000000000000A00070000000000010400000000000000000000000000000000000000000000000000000000000000000000000000000000000000000000000000000000000000000000000000000000000000000000000000000000000000000000000000000000000000000000000000000000000000000000000000000000000000000000000000000000000000000000000000000000000000000000004FD037000000000000000000000000000000000000000000000000000000000000800000000000003C000000000000000000000000000000000000000000000000000000000000
154	54983900	59000000000000000000000000000D00000000000000000000000000000000000A00070000000000010400000000000000000000000000000000000000000000000000000000000000000000000000000000000000000000000000000000000000000000000000000000000000000000000000000000000000000000000000000000000000000000000000000000000000000000000000000000000000000000000000000000000000000000000000000000000000000000004FD037000000000000000000000000000000000000000000000000000000000000800000000000003D000000000000000000000000000000000000000000010000000000000000
155	55341264	58000000000000000000000000000D00000000000000000000000000000000000A00070000000000010400000000000000000000000000000000000000000000000000000000000000000000000000000000000000000000000000000000000000000000000000000000000000000000000000000000000000000000000000000000000000000000000000000000000000000000000000000000000000000000000000000000000000000000000000000000000000000000004FD037000000000000000000000000000000000000000000000000000000000000800000000000003E000000000000000000000000000000000000000000000000000000000000
156	55698632	57000000000000000000000000000D00000000000000000000000000000000000A00070000000000010400000000000000000000000000000000000000000000000000000000000000000000000000000000000000000000000000000000000000000000000000000000000000000000000000000000000000000000000000000000000000000000000000000000000000000000000000000000000000000000000000000000000000000000000000000000000000000000004FD037000000000000000000000000000000000000000000000000000000000000800000000000003F000000000000000000000000000000000000000000010000000000000000
157	56055996	56000000000000000000000000000D00000000000000000000000000000000000A00070000000000010400000000000000000000000000000000000000000000000000000000000000000000000000000000000000000000000000000000000000000000000000000000000000000000000000000000000000000000000000000000000000000000000000000000000000000000000000000000000000000000000000000000000000000000000000000000000000000000004FD0370000000000000000000000000000000000000000000000000000000000008000000000000040000000000000000000000000000000000000000000000000000000000000
158	56413364	55000000000000000000000000000D00000000000000000000000000000000000A00070000000000010400000000000000000000000000000000000000000000000000000000000000000000000000000000000000000000000000000000000000000000000000000000000000000000000000000000000000000000000000000000000000000000000000000000000000000000000000000000000000000000000000000000000000000000000000000000000000000000004FD0370000000000000000000000000000000000000000000000000000000000008000000000000041000000000000000000000000000000000000000000010000000000000000
159	56770728	54000000000000000000000000000D00000000000000000000000000000000000A00070000000000010400000000000000000000000000000000000000000000000000000000000000000000000000000000000000000000000000000000000000000000000000000000000000000000000000000000000000000000000000000000000000000000000000000000000000000000000000000000000000000000000000000000000000000000000000000000000000000000004FD0370000000000000000000000000000000000000000000000000000000000008000000000000042000000000000000000000000000000000000000000000000000000000000
160	57128096	53000000000000000000000000000D00000000000000000000000000000000000A00070000000000010400000000000000000000000000000000000000000000000000000000000000000000000000000000000000000000000000000000000000000000000000000000000000000000000000000000000000000000000000000000000000000000000000000000000000000000000000000000000000000000000000000000000000000000000000000000000000000000004FD0370000000000000000000000000000000000000000000000000000000000008000000000000043000000000000000000000000000000000000000000010000000000000000
161	57485460	52000000000000000000000000000D00000000000000000000000000000000000A00070000000000010400000000000000000000000000000000000000000000000000000000000000000000000000000000000000000000000000000000000000000000000000000000000000000000000000000000000000000000000000000000000000000000000000000000000000000000000000000000000000000000000000000000000000000000000000000000000000000000004FD0370000000000000000000000000000000000000000000000000000000000008000000000000044000000000000000000000000000000000000000000000000000000000000
162	57842828	51000000000000000000000000000D00000000000000000000000000000000000A00070000000000010400000000000000000000000000000000000000000000000000000000000000000000000000000000000000000000000000000000000000000000000000000000000000000000000000000000000000000000000000000000000000000000000000000000000000000000000000000000000000000000000000000000000000000000000000000000000000000000004FD0370000000000000000000000000000000000000000000000000000000000008000000000000045000000000000000000000000000000000000000000010000000000000000
163	58200192	50000000000000000000000000000D00000000000000000000000000000000000A00070000000000010400000000000000000000000000000000000000000000000000000000000000000000000000000000000000000000000000000000000000000000000000000000000000000000000000000000000000000000000000000000000000000000000000000000000000000000000000000000000000000000000000000000000000000000000000000000000000000000004FD0370000000000000000000000000000000000000000000000000000000000008000000000000046000000000000000000000000000000000000000000000000000000000000
164	58557560	4F000000000000000000000000000D00000000000000000000000000000000000A00070000000000010400000000000000000000000000000000000000000000000000000000000000000000000000000000000000000000000000000000000000000000000000000000000000000000000000000000000000000000000000000000000000000000000000000000000000000000000000000000000000000000000000000000000000000000000000000000000000000000004FD0370000000000000000000000000000000000000000000000000000000000008000000000000047000000000000000000000000000000000000000000010000000000000000
165	58914924	4E000000000000000000000000000D00000000000000000000000000000000000A00070000000000010400000000000000000000000000000000000000000000000000000000000000000000000000000000000000000000000000000000000000000000000000000000000000000000000000000000000000000000000000000000000000000000000000000000000000000000000000000000000000000000000000000000000000000000000000000000000000000000004FD0370000000000000000000000000000000000000000000000000000000000008000000000000048000000000000000000000000000000000000000000000000000000000000
166	59272292	4D000000000000000000000000000D00000000000000000000000000000000000A00070000000000010400000000000000000000000000000000000000000000000000000000000000000000000000000000000000000000000000000000000000000000000000000000000000000000000000000000000000000000000000000000000000000000000000000000000000000000000000000000000000000000000000000000000000000000000000000000000000000000004FD0370000000000000000000000000000000000000000000000000000000000008000000000000049000000000000000000000000000000000000000000010000000000000000
167	59629656	4C000000000000000000000000000D00000000000000000000000000000000000A00070000000000010400000000000000000000000000000000000000000000000000000000000000000000000000000000000000000000000000000000000000000000000000000000000000000000000000000000000000000000000000000000000000000000000000000000000000000000000000000000000000000000000000000000000000000000000000000000000000000000004FD037000000000000000000000000000000000000000000000000000000000000800000000000004A000000000000000000000000000000000000000000000000000000000000
168	59987024	4B000000000000000000000000000D00000000000000000000000000000000000A00070000000000010400000000000000000000000000000000000000000000000000000000000000000000000000000000000000000000000000000000000000000000000000000000000000000000000000000000000000000000000000000000000000000000000000000000000000000000000000000000000000000000000000000000000000000000000000000000000000000000004FD037000000000000000000000000000000000000000000000000000000000000800000000000004B000000000000000000000000000000000000000000010000000000000000
169	60344388	4A000000000000000000000000000D00000000000000000000000000000000000A00070000000000010400000000000000000000000000000000000000000000000000000000000000000000000000000000000000000000000000000000000000000000000000000000000000000000000000000000000000000000000000000000000000000000000000000000000000000000000000000000000000000000000000000000000000000000000000000000000000000000004FD037000000000000000000000000000000000000000000000000000000000000800000000000004C000000000000000000000000000000000000000000000000000000000000
170	60701756	49000000000000000000000000000D00000000000000000000000000000000000A00070000000000010400000000000000000000000000000000000000000000000000000000000000000000000000000000000000000000000000000000000000000000000000000000000000000000000000000000000000000000000000000000000000000000000000000000000000000000000000000000000000000000000000000000000000000000000000000000000000000000004FD037000000000000000000000000000000000000000000000000000000000000800000000000004D000000000000000000000000000000000000000000010000000000000000
171	61059120	48000000000000000000000000000D00000000000000000000000000000000000A00070000000000010400000000000000000000000000000000000000000000000000000000000000000000000000000000000000000000000000000000000000000000000000000000000000000000000000000000000000000000000000000000000000000000000000000000000000000000000000000000000000000000000000000000000000000000000000000000000000000000004FD037000000000000000000000000000000000000000000000000000000000000800000000000004E000000000000000000000000000000000000000000000000000000000000
172	61416488	47000000000000000000000000000D00000000000000000000000000000000000A00070000000000010400000000000000000000000000000000000000000000000000000000000000000000000000000000000000000000000000000000000000000000000000000000000000000000000000000000000000000000000000000000000000000000000000000000000000000000000000000000000000000000000000000000000000000000000000000000000000000000004FD037000000000000000000000000000000000000000000000000000000000000800000000000004F000000000000000000000000000000000000000000010000000000000000
173	61773852	46000000000000000000000000000D00000000000000000000000000000000000A00070000000000010400000000000000000000000000000000000000000000000000000000000000000000000000000000000000000000000000000000000000000000000000000000000000000000000000000000000000000000000000000000000000000000000000000000000000000000000000000000000000000000000000000000000000000000000000000000000000000000004FD0370000000000000000000000000000000000000000000000000000000000008000000000000050000000000000000000000000000000000000000000000000000000000000
174	62131220	45000000000000000000000000000D00000000000000000000000000000000000A00070000000000010400000000000000000000000000000000000000000000000000000000000000000000000000000000000000000000000000000000000000000000000000000000000000000000000000000000000000000000000000000000000000000000000000000000000000000000000000000000000000000000000000000000000000000000000000000000000000000000004FD0370000000000000000000000000000000000000000000000000000000000008000000000000051000000000000000000000000000000000000000000010000000000000000
175	62488584	44000000000000000000000000000D00000000000000000000000000000000000A00070000000000010400000000000000000000000000000000000000000000000000000000000000000000000000000000000000000000000000000000000000000000000000000000000000000000000000000000000000000000000000000000000000000000000000000000000000000000000000000000000000000000000000000000000000000000000000000000000000000000004FD0370000000000000000000000000000000000000000000000000000000000008000000000000052000000000000000000000000000000000000000000000000000000000000
176	62845952	43000000000000000000000000000D00000000000000000000000000000000000A00070000000000010400000000000000000000000000000000000000000000000000000000000000000000000000000000000000000000000000000000000000000000000000000000000000000000000000000000000000000000000000000000000000000000000000000000000000000000000000000000000000000000000000000000000000000000000000000000000000000000004FD0370000000000000000000000000000000000000000000000000000000000008000000000000053000000000000000000000000000000000000000000010000000000000000
177	63203316	42000000000000000000000000000D00000000000000000000000000000000000A00070000000000010400000000000000000000000000000000000000000000000000000000000000000000000000000000000000000000000000000000000000000000000000000000000000000000000000000000000000000000000000000000000000000000000000000000000000000000000000000000000000000000000000000000000000000000000000000000000000000000004FD0370000000000000000000000000000000000000000000000000000000000008000000000000054000000000000000000000000000000000000000000000000000000000000
178	63560684	41000000000000000000000000000D00000000000000000000000000000000000A00070000000000010400000000000000000000000000000000000000000000000000000000000000000000000000000000000000000000000000000000000000000000000000000000000000000000000000000000000000000000000000000000000000000000000000000000000000000000000000000000000000000000000000000000000000000000000000000000000000000000004FD0370000000000000000000000000000000000000000000000000000000000008000000000000055000000000000000000000000000000000000000000010000000000000000
179	63918048	40000000000000000000000000000D00000000000000000000000000000000000A00070000000000010400000000000000000000000000000000000000000000000000000000000000000000000000000000000000000000000000000000000000000000000000000000000000000000000000000000000000000000000000000000000000000000000000000000000000000000000000000000000000000000000000000000000000000000000000000000000000000000004FD0370000000000000000000000000000000000000000000000000000000000008000000000000056000000000000000000000000000000000000000000000000000000000000
180	64275416	3F000000000000000000000000000D00000000000000000000000000000000000A00070000000000010400000000000000000000000000000000000000000000000000000000000000000000000000000000000000000000000000000000000000000000000000000000000000000000000000000000000000000000000000000000000000000000000000000000000000000000000000000000000000000000000000000000000000000000000000000000000000000000004FD0370000000000000000000000000000000000000000000000000000000000008000000000000057000000000000000000000000000000000000000000010000000000000000
181	64632780	3E000000000000000000000000000D00000000000000000000000000000000000A00070000000000010400000000000000000000000000000000000000000000000000000000000000000000000000000000000000000000000000000000000000000000000000000000000000000000000000000000000000000000000000000000000000000000000000000000000000000000000000000000000000000000000000000000000000000000000000000000000000000000004FD0370000000000000000000000000000000000000000000000000000000000008000000000000058000000000000000000000000000000000000000000000000000000000000
182	64990148	3D000000000000000000000000000D00000000000000000000000000000000000A00070000000000010400000000000000000000000000000000000000000000000000000000000000000000000000000000000000000000000000000000000000000000000000000000000000000000000000000000000000000000000000000000000000000000000000000000000000000000000000000000000000000000000000000000000000000000000000000000000000000000004FD0370000000000000000000000000000000000000000000000000000000000008000000000000059000000000000000000000000000000000000000000010000000000000000
183	65347512	3C000000000000000000000000000D00000000000000000000000000000000000A00070000000000010400000000000000000000000000000000000000000000000000000000000000000000000000000000000000000000000000000000000000000000000000000000000000000000000000000000000000000000000000000000000000000000000000000000000000000000000000000000000000000000000000000000000000000000000000000000000000000000004FD037000000000000000000000000000000000000000000000000000000000000800000000000005A000000000000000000000000000000000000000000000000000000000000
184	65704880	3B000000000000000000000000000D00000000000000000000000000000000000A00070000000000010400000000000000000000000000000000000000000000000000000000000000000000000000000000000000000000000000000000000000000000000000000000000000000000000000000000000000000000000000000000000000000000000000000000000000000000000000000000000000000000000000000000000000000000000000000000000000000000004FD037000000000000000000000000000000000000000000000000000000000000800000000000005B000000000000000000000000000000000000000000010000000000000000
185	66062244	3A000000000000000000000000000D00000000000000000000000000000000000A00070000000000010400000000000000000000000000000000000000000000000000000000000000000000000000000000000000000000000000000000000000000000000000000000000000000000000000000000000000000000000000000000000000000000000000000000000000000000000000000000000000000000000000000000000000000000000000000000000000000000004FD037000000000000000000000000000000000000000000000000000000000000800000000000005C000000000000000000000000000000000000000000000000000000000000
186	66419612	39000000000000000000000000000D00000000000000000000000000000000000A00070000000000010400000000000000000000000000000000000000000000000000000000000000000000000000000000000000000000000000000000000000000000000000000000000000000000000000000000000000000000000000000000000000000000000000000000000000000000000000000000000000000000000000000000000000000000000000000000000000000000004FD037000000000000000000000000000000000000000000000000000000000000800000000000005D000000000000000000000000000000000000000000010000000000000000
187	66776976	38000000000000000000000000000D00000000000000000000000000000000000A00070000000000010400000000000000000000000000000000000000000000000000000000000000000000000000000000000000000000000000000000000000000000000000000000000000000000000000000000000000000000000000000000000000000000000000000000000000000000000000000000000000000000000000000000000000000000000000000000000000000000004FD037000000000000000000000000000000000000000000000000000000000000800000000000005E000000000000000000000000000000000000000000000000000000000000
188	67134344	37000000000000000000000000000D00000000000000000000000000000000000A00070000000000010400000000000000000000000000000000000000000000000000000000000000000000000000000000000000000000000000000000000000000000000000000000000000000000000000000000000000000000000000000000000000000000000000000000000000000000000000000000000000000000000000000000000000000000000000000000000000000000004FD037000000000000000000000000000000000000000000000000000000000000800000000000005F000000000000000000000000000000000000000000010000000000000000
189	67491708	36000000000000000000000000000D00000000000000000000000000000000000A00070000000000010400000000000000000000000000000000000000000000000000000000000000000000000000000000000000000000000000000000000000000000000000000000000000000000000000000000000000000000000000000000000000000000000000000000000000000000000000000000000000000000000000000000000000000000000000000000000000000000004FD0370000000000000000000000000000000000000000000000000000000000008000000000000060000000000000000000000000000000000000000000000000000000000000
190	67849076	35000000000000000000000000000D00000000000000000000000000000000000A00070000000000010400000000000000000000000000000000000000000000000000000000000000000000000000000000000000000000000000000000000000000000000000000000000000000000000000000000000000000000000000000000000000000000000000000000000000000000000000000000000000000000000000000000000000000000000000000000000000000000004FD0370000000000000000000000000000000000000000000000000000000000008000000000000061000000000000000000000000000000000000000000010000000000000000
191	68206440	34000000000000000000000000000D00000000000000000000000000000000000A00070000000000010400000000000000000000000000000000000000000000000000000000000000000000000000000000000000000000000000000000000000000000000000000000000000000000000000000000000000000000000000000000000000000000000000000000000000000000000000000000000000000000000000000000000000000000000000000000000000000000004FD0370000000000000000000000000000000000000000000000000000000000008000000000000062000000000000000000000000000000000000000000000000000000000000
192	68563808	33000000000000000000000000000D00000000000000000000000000000000000A00070000000000010400000000000000000000000000000000000000000000000000000000000000000000000000000000000000000000000000000000000000000000000000000000000000000000000000000000000000000000000000000000000000000000000000000000000000000000000000000000000000000000000000000000000000000000000000000000000000000000004FD0370000000000000000000000000000000000000000000000000000000000008000000000000063000000000000000000000000000000000000000000010000000000000000
193	68921172	32000000000000000000000000000D00000000000000000000000000000000000A00070000000000010400000000000000000000000000000000000000000000000000000000000000000000000000000000000000000000000000000000000000000000000000000000000000000000000000000000000000000000000000000000000000000000000000000000000000000000000000000000000000000000000000000000000000000000000000000000000000000000004FD0370000000000000000000000000000000000000000000000000000000000008000000000000064000000000000000000000000000000000000000000000000000000000000
194	69278540	31000000000000000000000000000D00000000000000000000000000000000000A00070000000000010400000000000000000000000000000000000000000000000000000000000000000000000000000000000000000000000000000000000000000000000000000000000000000000000000000000000000000000000000000000000000000000000000000000000000000000000000000000000000000000000000000000000000000000000000000000000000000000004FD0370000000000000000000000000000000000000000000000000000000000008000000000000065000000000000000000000000000000000000000000010000000000000000
195	69635904	30000000000000000000000000000D00000000000000000000000000000000000A00070000000000010400000000000000000000000000000000000000000000000000000000000000000000000000000000000000000000000000000000000000000000000000000000000000000000000000000000000000000000000000000000000000000000000000000000000000000000000000000000000000000000000000000000000000000000000000000000000000000000004FD0370000000000000000000000000000000000000000000000000000000000008000000000000066000000000000000000000000000000000000000000000000000000000000
196	69993272	2F000000000000000000000000000D00000000000000000000000000000000000A00070000000000010400000000000000000000000000000000000000000000000000000000000000000000000000000000000000000000000000000000000000000000000000000000000000000000000000000000000000000000000000000000000000000000000000000000000000000000000000000000000000000000000000000000000000000000000000000000000000000000004FD0370000000000000000000000000000000000000000000000000000000000008000000000000067000000000000000000000000000000000000000000010000000000000000
197	70350636	2E000000000000000000000000000D00000000000000000000000000000000000A00070000000000010400000000000000000000000000000000000000000000000000000000000000000000000000000000000000000000000000000000000000000000000000000000000000000000000000000000000000000000000000000000000000000000000000000000000000000000000000000000000000000000000000000000000000000000000000000000000000000000004FD0370000000000000000000000000000000000000000000000000000000000008000000000000068000000000000000000000000000000000000000000000000000000000000
198	70708004	2D000000000000000000000000000D00000000000000000000000000000000000A00070000000000010400000000000000000000000000000000000000000000000000000000000000000000000000000000000000000000000000000000000000000000000000000000000000000000000000000000000000000000000000000000000000000000000000000000000000000000000000000000000000000000000000000000000000000000000000000000000000000000004FD0370000000000000000000000000000000000000000000000000000000000008000000000000069000000000000000000000000000000000000000000010000000000000000
199	71065368	2C000000000000000000000000000D00000000000000000000000000000000000A00070000000000010400000000000000000000000000000000000000000000000000000000000000000000000000000000000000000000000000000000000000000000000000000000000000000000000000000000000000000000000000000000000000000000000000000000000000000000000000000000000000000000000000000000000000000000000000000000000000000000004FD037000000000000000000000000000000000000000000000000000000000000800000000000006A000000000000000000000000000000000000000000000000000000000000
200	71422736	2B000000000000000000000000000D00000000000000000000000000000000000A00070000000000010400000000000000000000000000000000000000000000000000000000000000000000000000000000000000000000000000000000000000000000000000000000000000000000000000000000000000000000000000000000000000000000000000000000000000000000000000000000000000000000000000000000000000000000000000000000000000000000004FD037000000000000000000000000000000000000000000000000000000000000800000000000006B000000000000000000000000000000000000000000010000000000000000
