# motor WRAM $0000-$00FF integro. fr	master	wram0hex
1	357368	00000000000000000000000000000000000000000000000000000000000000000000000000000000000000000000000000000000000000000000000000000000000000000000000000000000000000000000000000000000000000000000000000000000000000000000000000000000000000000000000000000000000000000000000000000000000000000000000000000000000000000000000000000000000000000000000000000000000000000000000000000000000000000000000000000000000000000000000000000000000000000000000000000000000000000000000000000000000000000000000000000000000000000000000000000000
2	714736	00000000000000000000000000000000000000000000000000000000000000000000000000000000000000000000000000000000000000000000000000000000000000000000000000000000000000000000000000000000000000000000000000000000000000000000000000000000000000000000000000000000000000000000000000000000000000000000000000000000000000000000000000000000000000000000000000000000000000000000000000000000000000000000000000000000000000000000000000000000000000000000000000000000000000000000000000000000000000000000000000000000000000000000000000000000
3	1072104	00000000000000000000000000000000000000000000000000000000000000000000000000000000000000000000000000000000000000000000000000000000000000000000000000000000000000000000000000000000000000000000000000000000000000000000000000000000000000000000000000000000000000000000000000000000000000000000000000000000000000000000000000000000000000000000000000000000000000000000000000000000000000000000000000000000000000000000000000000000000000000000000000000000000000000000000000000000000000000000000000000000000000000000000000000000
4	1429472	000000000000000000000000000000000000000000000000000000000000000000000000000000000000000000000000000000000000000000000000000000000000000000000000000000000000000000000000000000000000000000000000000000000000000000000000000000000000000000000000000000000000000000000000000000000000000000000000000000000000000000000000000000000000C9441F0000000000000000000000000800E300000900E30000000000000000000000000000000000000000000000000000000000000000000000000000000000000000000000000000000000000000000000000000000000000000000000
5	1786846	000000000000000000000000000000000000000000000000000000000000000000000000000000000000000000000000000000000000000000000000000000000000000000000000000000000000000000000000000000000000000000000000000000000000000000000000000000000000000000000000000000000000000000000000000000000000000000000000000000000000000000000000000000000000C944030010000000000000000000000800E300000900E30000000000000000000000000000000000000000000000000000000000000000000000000000000000000000000000000000000000000000000000000000000000000000000000
6	2144218	000000000000000000000000000000000000000000000000000000000000000000000000000000000000000000000000000000000000000000000000000000000000000000000000000000000000000000000000000000000000000000000000000000000000000000000000000000000000000000000000000000000000000000000000000000000000000000000000000000000000000000000000000000000000C944160000000000000000000000000800E300000900E30000000000000000000000000000000000000000000000000000000000000000000000000000000000000000000000000000000000000000000000000000000000000000000000
7	2501600	000000000000000000000000000000000000000000000000000000000000000000000000000000000000000000000000000000000000000000000000000000000000000000000000000000000000000000000000000000000000000000000000000000000000000000000000000000000000000000000000000000000000000000000000000000000000000000000000000000000000000000000000000000000000C944000000000000000000000000000800E300000900E30000000000000000000000000000000000000000000000000000000000000000000000000000000000000000000000000000000000000000000000000000000000000000000000
8	2859004	000000000000000000000000000000000000000000000000000000000000000000000000000000000000000000000000000000000000000000000000000000000000000000000000000000000000000000000000000000000000000000000000000000000000000000000000000000000000000000000000000000000000000000000000000000000000000000000000000000000000000000000000000000000000C944030000000000000000000000000800E300000900E30000000000000000000000000000000000000000000000000000000000000000000000000000000000000000000000000000000000000000000000000000000000000000000000
9	3216376	000000000000000000000000000000000000000000000000000000000000000000000000000000000000000000000000000000000000000000000000000000000000000000000000000000000000000000000000000000000000000000000000000000000000000000000000000000000000000000000000000000000000000000000000000000000000000000000000000000000000000000000000000000000000C944800000000000000000000000000800E300000900E30000000000000000000000000000000000000000000000000000000000000000000000000000000000000000000000000000000000000000000000000000000000000000000000
10	3573748	00007F000000000000000000000000000000000000000000000000000000000000000000000000000000000000000000000000000000000000000000000000000000000000000000000000000000000000000000000000000000000000000000000000000000000000000000000000000000000000000000000000000000000000000000000000000000000000000000000000000000000000000000000000000000C944800000000000000000000000000800E300000900E30000000000000000000000000000000000000000000000000000000000000000000000000000000000000000000000000000000000000000000000000000000000000000000000
11	3931148	00007F000000000000000000000000000000000000000000000000000000000000000000000000000000000000000000000000000000000000000000000000000000000000000000000000000000000000000000000000000000000000000000000000000000000000000000000000000000000000000000000000000000000000000000000000000000000000000000000000000000000000000000000000000000C944800000000000000000000000000800E300000900E30000000000000000000000000000000000000000000000000000000000000000000000000000000000000000000000000000000000000000000000000000000000000000000000
12	4288534	00007F000000000000000000000000000000000000000000000000000000000000000000000000000000000000000000000000000000000000000000000000000000000000000000000000000000000000000000000000000000000000000000000000000000000000000000000000000000000000000000000000000000000000000000000000000000000000000000000000000000000000000000000000000000C944800000000000000000000000000800E300000900E30000000000000000000000000000000000000000000000000000000000000000000000000000000000000000000000000000000000000000000000000000000000000000000000
13	4645908	00007F000000000000000000000000000000000000000000000000000000000000000000000000000000000000000000000000000000000000000000000000000000000000000000000000000000000000000000000000000000000000000000000000000000000000000000000000000000000000000000000000000000000000000000000000000000000000000000000000000000000000000000000000000000C944800000000000000000000000000800E300000900E30000000000000000000000000000000000000000000000000000000000000000000000000000000000000000000000000000000000000000000000000000000000000000000000
14	5003276	00007F000000000000000000000000000000000000000000000000000000000000000000000000000000000000000000000000000000000000000000000000000000000000000000000000000000000000000000000000000000000000000000000000000000000000000000000000000000000000000000000000000000000000000000000000000000000000000000000000000000000000000000000000000000C944800000000000000000000000000800E300000900E30000000000000000000000000000000000000000000000000000000000000000000000000000000000000000000000000000000000000000000000000000000000000000000000
15	5360658	00007F000000000000000000000000000000000000000000000000000000000000000000000000000000000000000000000000000000000000000000000000000000000000000000000000000000000000000000000000000000000000000000000000000000000000000000000000000000000000000000000000000000000000000000000000000000000000000000000000000000000000000000000000000000C944800000000000000000000000000800E300000900E30000000000000000000000000000000000000000000000000000000000000000000000000000000000000000000000000000000000000000000000000000000000000000000000
16	5718032	00007F000000000000000000000000000000000000000000000000000000000000000000000000000000000000000000000000000000000000000000000000000000000000000000000000000000000000000000000000000000000000000000000000000000000000000000000000000000000000000000000000000000000000000000000000000000000000000000000000000000000000000000000000000000C944800000000000000000000000000800E300000900E30000000000000000000000000000000000000000000000000000000000000000000000000000000000000000000000000000000000000000000000000000000000000000000000
17	6075418	00007F000000000000000000000000000000000000000000000000000000000000000000000000000000000000000000000000000000000000000000000000000000000000000000000000000000000000000000000000000000000000000000000000000000000000000000000000000000000000000000000000000000000000000000000000000000000000000000000000000000000000000000000000000000C944800000000000000000000000000800E300000900E30000000000000000000000000000000000000000000000000000000000000000000000000000000000000000000000000000000000000000000000000000000000000000000000
18	6432788	00007F000000000000000000000000000000000000000000000000000000000000000000000000000000000000000000000000000000000000000000000000000000000000000000000000000000000000000000000000000000000000000000000000000000000000000000000000000000000000000000000000000000000000000000000000000000000000000000000000000000000000000000000000000000C944800000000000000000000000000800E300000900E30000000000000000000000000000000000000000000000000000000000000000000000000000000000000000000000000000000000000000000000000000000000000000000000
19	6790162	00007F000000000000000000000000000000000000000000000000000000000000000000000000000000000000000000000000000000000000000000000000000000000000000000000000000000000000000000000000000000000000000000000000000000000000000000000000000000000000000000000000000000000000000000000000000000000000000000000000000000000000000000000000000000C944800000000000000000000000000800E300000900E30000000000000000000000000000000000000000000000000000000000000000000000000000000000000000000000000000000000000000000000000000000000000000000000
20	7147536	00007F000000000000000000000000000000000000000000000000000000000000000000000000000000000000000000000000000000000000000000000000000000000000000000000000000000000000000000000000000000000000000000000000000000000000000000000000000000000000000000000000000000000000000000000000000000000000000000000000000000000000000000000000000000C944800000000000000000000000000800E300000900E30000000000000000000000000000000000000000000000000000000000000000000000000000000000000000000000000000000000000000000000000000000000000000000000
21	7504904	00007F000000000000000000000000000000000000000000000000000000000000000000000000000000000000000000000000000000000000000000000000000000000000000000000000000000000000000000000000000000000000000000000000000000000000000000000000000000000000000000000000000000000000000000000000000000000000000000000000000000000000000000000000000000C944800000000000000000000000000800E300000900E30000000000000000000000000000000000000000000000000000000000000000000000000000000000000000000000000000000000000000000000000000000000000000000000
22	7862286	00007F000000000000000000000000000000000000000000000000000000000000000000000000000000000000000000000000000000000000000000000000000000000000000000000000000000000000000000000000000000000000000000000000000000000000000000000000000000000000000000000000000000000000000000000000000000000000000000000000000000000000000000000000000000C944800000000000000000000000000800E300000900E30000000000000000000000000000000000000000000000000000000000000000000000000000000000000000000000000000000000000000000000000000000000000000000000
23	8219660	00007F000000000000000000000000000000000000000000000000000000000000000000000000000000000000000000000000000000000000000000000000000000000000000000000000000000000000000000000000000000000000000000000000000000000000000000000000000000000000000000000000000000000000000000000000000000000000000000000000000000000000000000000000000000C944800000000000000000000000000800E300000900E30000000000000000000000000000000000000000000000000000000000000000000000000000000000000000000000000000000000000000000000000000000000000000000000
24	8577028	00007F000000000000000000000000000000000000000000000000000000000000000000000000000000000000000000000000000000000000000000000000000000000000000000000000000000000000000000000000000000000000000000000000000000000000000000000000000000000000000000000000000000000000000000000000000000000000000000000000000000000000000000000000000000C944800000000000000000000000000800E300000900E30000000000000000000000000000000000000000000000000000000000000000000000000000000000000000000000000000000000000000000000000000000000000000000000
25	8934400	00007F000000000000000000000000000000000000000000000000000000000000000000000000000000000000000000000000000000000000000000000000000000000000000000000000000000000000000000000000000000000000000000000000000000000000000000000000000000000000000000000000000000000000000000000000000000000000000000000000000000000000000000000000000000C944800000000000000000000000000800E300000900E30000000000000000000000000000000000000000000000000000000000000000000000000000000000000000000000000000000000000000000000000000000000000000000000
26	9291772	00007F000000000000000000000000000000000000000000000000000000000000000000000000000000000000000000000000000000000000000000000000000000000000000000000000000000000000000000000000000000000000000000000000000000000000000000000000000000000000000000000000000000000000000000000000000000000000000000000000000000000000000000000000000000C944800000000000000000000000000800E300000900E30000000000000000000000000000000000000000000000000000000000000000000000000000000000000000000000000000000000000000000000000000000000000000000000
27	9649150	00007F000000000000000000000000000000000000000000000000000000000000000000000000000000000000000000000000000000000000000000000000000000000000000000000000000000000000000000000000000000000000000000000000000000000000000000000000000000000000000000000000000000000000000000000000000000000000000000000000000000000000000000000000000000C944800000000000000000000000000800E300000900E30000000000000000000000000000000000000000000000000000000000000000000000000000000000000000000000000000000000000000000000000000000000000000000000
28	10006522	00007F000000000000000000000000000000000000000000000000000000000000000000000000000000000000000000000000000000000000000000000000000000000000000000000000000000000000000000000000000000000000000000000000000000000000000000000000000000000000000000000000000000000000000000000000000000000000000000000000000000000000000000000000000000C944800000000000000000000000000800E300000900E30000000000000000000000000000000000000000000000000000000000000000000000000000000000000000000000000000000000000000000000000000000000000000000000
29	10363900	00007F000000000000000000000000000000000000000000000000000000000000000000000000000000000000000000000000000000000000000000000000000000000000000000000000000000000000000000000000000000000000000000000000000000000000000000000000000000000000000000000000000000000000000000000000000000000000000000000000000000000000000000000000000000C944800000000000000000000000000800E300000900E30000000000000000000000000000000000000000000000000000000000000000000000000000000000000000000000000000000000000000000000000000000000000000000000
30	10721272	00007F000000000000000000000000000000000000000000000000000000000000000000000000000000000000000000000000000000000000000000000000000000000000000000000000000000000000000000000000000000000000000000000000000000000000000000000000000000000000000000000000000000000000000000000000000000000000000000000000000000000000000000000000000000C944800000000000000000000000000800E300000900E30000000000000000000000000000000000000000000000000000000000000000000000000000000000000000000000000000000000000000000000000000000000000000000000
31	11078640	010200000000000000000000000000000000000000000000000000000000040000000000000000000000000000000000000000000000000000000000000000000000000000000000000000040400580000000000000000000000000000000000000000000000000000000000000000000000000000000000000000000000000000000000000000000000000000000000000000000000000000000000000000000000C944800000000000000000000000000800E300000900E30000000000000000000000000000000000000000000000000000000000000000000000000000000000000000000000000000000000000000000000000000000000000000000000
32	11436010	010200000000000000000000000000000000000000000000000000000000040000000000000000000000000000000000000000000000000000000000000000000000000000000000000000040400580000000000000000000000000000000000000000000000000000000000000000000000000000000000000000000000000000000000000000000000000000000000000000000000000000000000000000000000C944800000000000000000000000000800E300000900E30000000000000000000000000000000000000000000000000000000000000000000000000000000000000000000000000000000000000000000000000000000000000000000000
33	11793378	010200000000000000000000000000000000000000000000000000000000040000000000000000000000000000000000000000000000000000000000000000000000000000000000000000040400580000000000000000000000000000000000000000000000000000000000000000000000000000000000000000000000000000000000000000000000000000000000000000000000000000000000000000000000C944800000000000000000000000000800E300000900E30000000000000000000000000000000000000000000000000000000000000000000000000000000000000000000000000000000000000000000000000000000000000000000000
34	12150754	010200000000000000000000000000000000000000000000000000000000040000000000000000000000000000000000000000000000000000000000000000000000000000000000000000040400580000000000000000000000000000000000000000000000000000000000000000000000000000000000000000000000000000000000000000000000000000000000000000000000000000000000000000000000C944800000000000000000000000000800E300000900E30000000000000000000000000000000000000000000000000000000000000000000000000000000000000000000000000000000000000000000000000000000000000000000000
35	12508142	010200000000000000000000000000000000000000000000000000000000040000000000000000000000000000000000000000000000000000000000000000000000000000000000000000040400580000000000000000000000000000000000000000000000000000000000000000000000000000000000000000000000000000000000000000000000000000000000000000000000000000000000000000000000C944800000000000000000000000000800E300000900E30000000000000000000000000000000000000000000000000000000000000000000000000000000000000000000000000000000000000000000000000000000000000000000000
36	12865530	010200000000000000000000000000000000000000000000000000000000040000000000000000000000000000000000000000000000000000000000000000000000000000000000000000040400580000000000000000000000000000000000000000000000000000000000000000000000000000000000000000000000000000000000000000000000000000000000000000000000000000000000000000000000C944800000000000000000000000000800E300000900E30000000000000000000000000000000000000000000000000000000000000000000000000000000000000000000000000000000000000000000000000000000000000000000000
37	13222918	010200000000000000000000000000000000000000000000000000000000040000000000000000000000000000000000000000000000000000000000000000000000000000000000000000040400580000000000000000000000000000000000000000000000000000000000000000000000000000000000000000000000000000000000000000000000000000000000000000000000000000000000000000000000C944800000000000000000000000000800E300000900E30000000000000000000000000000000000000000000000000000000000000000000000000000000000000000000000000000000000000000000000000000000000000000000000
38	13580306	010200000000000000000000000000000000000000000000000000000000040000000000000000000000000000000000000000000000000000000000000000000000000000000000000000040400580000000000000000000000000000000000000000000000000000000000000000000000000000000000000000000000000000000000000000000000000000000000000000000000000000000000000000000000C944800000000000000000000000000800E300000900E30000000000000000000000000000000000000000000000000000000000000000000000000000000000000000000000000000000000000000000000000000000000000000000000
39	13937694	010200000000000000000000000000000000000000000000000000000000040000000000000000000000000000000000000000000000000000000000000000000000000000000000000000040400580000000000000000000000000000000000000000000000000000000000000000000000000000000000000000000000000000000000000000000000000000000000000000000000000000000000000000000000C944800000000000000000000000000800E300000900E30000000000000000000000000000000000000000000000000000000000000000000000000000000000000000000000000000000000000000000000000000000000000000000000
40	14295082	010200000000000000000000000000000000000000000000000000000000040000000000000000000000000000000000000000000000000000000000000000000000000000000000000000040400580000000000000000000000000000000000000000000000000000000000000000000000000000000000000000000000000000000000000000000000000000000000000000000000000000000000000000000000C944800000000000000000000000000800E300000900E30000000000000000000000000000000000000000000000000000000000000000000000000000000000000000000000000000000000000000000000000000000000000000000000
41	14652470	010200000000000000000000000000000000000000000000000000000000040000000000000000000000000000000000000000000000000000000000000000000000000000000000000000040400580000000000000000000000000000000000000000000000000000000000000000000000000000000000000000000000000000000000000000000000000000000000000000000000000000000000000000000000C944800000000000000000000000000800E300000900E30000000000000000000000000000000000000000000000000000000000000000000000000000000000000000000000000000000000000000000000000000000000000000000000
42	15009858	010200000000000000000000000000000000000000000000000000000000040000000000000000000000000000000000000000000000000000000000000000000000000000000000000000040400580000000000000000000000000000000000000000000000000000000000000000000000000000000000000000000000000000000000000000000000000000000000000000000000000000000000000000000000C944800000000000000000000000000800E300000900E30000000000000000000000000000000000000000000000000000000000000000000000000000000000000000000000000000000000000000000000000000000000000000000000
43	15367246	010200000000000000000000000000000000000000000000000000000000040000000000000000000000000000000000000000000000000000000000000000000000000000000000000000040400580000000000000000000000000000000000000000000000000000000000000000000000000000000000000000000000000000000000000000000000000000000000000000000000000000000000000000000000C944800000000000000000000000000800E300000900E30000000000000000000000000000000000000000000000000000000000000000000000000000000000000000000000000000000000000000000000000000000000000000000000
44	15724634	010200000000000000000000000000000000000000000000000000000000040000000000000000000000000000000000000000000000000000000000000000000000000000000000000000040400580000000000000000000000000000000000000000000000000000000000000000000000000000000000000000000000000000000000000000000000000000000000000000000000000000000000000000000000C944800000000000000000000000000800E300000900E30000000000000000000000000000000000000000000000000000000000000000000000000000000000000000000000000000000000000000000000000000000000000000000000
45	16082022	010200000000000000000000000000000000000000000000000000000000040000000000000000000000000000000000000000000000000000000000000000000000000000000000000000040400580000000000000000000000000000000000000000000000000000000000000000000000000000000000000000000000000000000000000000000000000000000000000000000000000000000000000000000000C944800000000000000000000000000800E300000900E30000000000000000000000000000000000000000000000000000000000000000000000000000000000000000000000000000000000000000000000000000000000000000000000
46	16439410	010200000000000000000000000000000000000000000000000000000000040000000000000000000000000000000000000000000000000000000000000000000000000000000000000000040400580000000000000000000000000000000000000000000000000000000000000000000000000000000000000000000000000000000000000000000000000000000000000000000000000000000000000000000000C944800000000000000000000000000800E300000900E30000000000000000000000000000000000000000000000000000000000000000000000000000000000000000000000000000000000000000000000000000000000000000000000
47	16796798	010200000000000000000000000000000000000000000000000000000000040000000000000000000000000000000000000000000000000000000000000000000000000000000000000000040400580000000000000000000000000000000000000000000000000000000000000000000000000000000000000000000000000000000000000000000000000000000000000000000000000000000000000000000000C944800000000000000000000000000800E300000900E30000000000000000000000000000000000000000000000000000000000000000000000000000000000000000000000000000000000000000000000000000000000000000000000
48	17154186	010200000000000000000000000000000000000000000000000000000000040000000000000000000000000000000000000000000000000000000000000000000000000000000000000000040400580000000000000000000000000000000000000000000000000000000000000000000000000000000000000000000000000000000000000000000000000000000000000000000000000000000000000000000000C944800000000000000000000000000800E300000900E30000000000000000000000000000000000000000000000000000000000000000000000000000000000000000000000000000000000000000000000000000000000000000000000
49	17511574	010200000000000000000000000000000000000000000000000000000000040000000000000000000000000000000000000000000000000000000000000000000000000000000000000000040400580000000000000000000000000000000000000000000000000000000000000000000000000000000000000000000000000000000000000000000000000000000000000000000000000000000000000000000000C944800000000000000000000000000800E300000900E30000000000000000000000000000000000000000000000000000000000000000000000000000000000000000000000000000000000000000000000000000000000000000000000
50	17868962	010200000000000000000000000000000000000000000000000000000000040000000000000000000000000000000000000000000000000000000000000000000000000000000000000000040400580000000000000000000000000000000000000000000000000000000000000000000000000000000000000000000000000000000000000000000000000000000000000000000000000000000000000000000000C944800000000000000000000000000800E300000900E30000000000000000000000000000000000000000000000000000000000000000000000000000000000000000000000000000000000000000000000000000000000000000000000
51	18226350	010200000000000000000000000000000000000000000000000000000000040000000000000000000000000000000000000000000000000000000000000000000000000000000000000000040400580000000000000000000000000000000000000000000000000000000000000000000000000000000000000000000000000000000000000000000000000000000000000000000000000000000000000000000000C944800000000000000000000000000800E300000900E30000000000000000000000000000000000000000000000000000000000000000000000000000000000000000000000000000000000000000000000000000000000000000000000
52	18583738	010200000000000000000000000000000000000000000000000000000000040000000000000000000000000000000000000000000000000000000000000000000000000000000000000000040400580000000000000000000000000000000000000000000000000000000000000000000000000000000000000000000000000000000000000000000000000000000000000000000000000000000000000000000000C944800000000000000000000000000800E300000900E30000000000000000000000000000000000000000000000000000000000000000000000000000000000000000000000000000000000000000000000000000000000000000000000
53	18941126	010200000000000000000000000000000000000000000000000000000000040000000000000000000000000000000000000000000000000000000000000000000000000000000000000000040400580000000000000000000000000000000000000000000000000000000000000000000000000000000000000000000000000000000000000000000000000000000000000000000000000000000000000000000000C944800000000000000000000000000800E300000900E30000000000000000000000000000000000000000000000000000000000000000000000000000000000000000000000000000000000000000000000000000000000000000000000
54	19298514	010200000000000000000000000000000000000000000000000000000000040000000000000000000000000000000000000000000000000000000000000000000000000000000000000000040400580000000000000000000000000000000000000000000000000000000000000000000000000000000000000000000000000000000000000000000000000000000000000000000000000000000000000000000000C944800000000000000000000000000800E300000900E30000000000000000000000000000000000000000000000000000000000000000000000000000000000000000000000000000000000000000000000000000000000000000000000
55	19655902	010200000000000000000000000000000000000000000000000000000000040000000000000000000000000000000000000000000000000000000000000000000000000000000000000000040400580000000000000000000000000000000000000000000000000000000000000000000000000000000000000000000000000000000000000000000000000000000000000000000000000000000000000000000000C944800000000000000000000000000800E300000900E30000000000000000000000000000000000000000000000000000000000000000000000000000000000000000000000000000000000000000000000000000000000000000000000
56	20013280	0102000000000000000000000000000000000000000000000000000000000C0000000000000000000000000000000000000000000000000000000000000000000000000000000000000000040C75580000000000000000000000000000000000000000000000000000000000000000000000000000000000000000000000000000000000000000000000000000000000000000000000000000000000000000000000C944800000000000000000000000000800E300000900E30000000000000000000000000000000000000000000000000000000000000000000000000000000000000000000000000000000000000000000000000000000000000000000000
57	20370650	0102000000000000000000000000000000000000000000000000000000000C0000000000000000000000000000000000000000000000000000000000000000000000000000000000000000040C75580000000000000000000000000000000000000000000000000000000000000000000000000000000000000000000000000000000000000000000000000000000000000000000000000000000000000000000000C944800000000000000000000000000800E300000900E30000000000000000000000000000000000000000000000000000000000000000000000000000000000000000000000000000000000000000000000000000000000000000000000
58	20728032	0102000000000000000000000000000000000000000000000000000000000E0000000000000000000000000000000000000000000000000000000000000000000000000000000000000000040E425E0000000000000000000000000000000000000000000000000000000000000000000000000000000000000000000000000000000000000000000000000000000000000000000000000000000000000000000000C944800000000000000000000000000800E300000900E30000000000000000000000000000000000000000000000000000000000000000000000000000000000000000000000000000000000000000000000000000000000000000000000
59	21085410	0102000000000000000000000000000000000000000000000000000000000E0000000000000000000000000000000000000000000000000000000000000000000000000000000000000000040E425E0000000000000000000000000000000000000000000000000000000000000000000000000000000000000000000000000000000000000000000000000000000000000000000000000000000000000000000000C944800000000000000000000000000800E300000900E30000000000000000000000000000000000000000000000000000000000000000000000000000000000000000000000000000000000000000000000000000000000000000000000
60	21442782	0102000000000000000000000000000000000000000000000000000000000E0000000000000000000000000000000000000000000000000000000000000000000000000000000000000000040E425E0000000000000000000000000000000000000000000000000000000000000000000000000000000000000000000000000000000000000000000000000000000000000000000000000000000000000000000000C944800000000000000000000000000800E300000900E30000000000000000000000000000000000000000000000000000000000000000000000000000000000000000000000000000000000000000000000000000000000000000000000
61	21800154	010200000000000000000000000000000000000000000000000000000000130000000000000000000000000000000000000000000000000000000000000000000000000000000000000000041343690000000000000000000000000000000000000000000000000000000000000000000000000000000000000000000000000000000000000000000000000000000000000000000000000000000000000000000000C944800000000000000000000000000800E300000900E30000000000000000000000000000000000000000000000000000000000000000000000000000000000000000000000000000000000000000000000000000000000000000000000
62	22157528	0102000000000000000000000000000000000000000000000000000000001900000000000000000000000000000000000000000000000000000000000000000000000000000000000000000419636A0000000000000000000000000000000000000000000000000000000000000000000000000000000000000000000000000000000000000000000000000000000000000000000000000000000000000000000000C944800000000000000000000000000800E300000900E30000000000000000000000000000000000000000000000000000000000000000000000000000000000000000000000000000000000000000000000000000000000000000000000
63	22514896	0102000000000000000000000000000000000000000000000000000000003800000000000000000000000000000000000000000000000000000000000000000000000000000000000000000438536E0000000000000000000000000000000000000000000000000000000000000000000000000000000000000000000000000000000000000000000000000000000000000000000000000000000000000000000000C944800000000000000000000000000800E300000900E30000000000000000000000000000000000000000000000000000000000000000000000000000000000000000000000000000000000000000000000000000000000000000000000
64	22872264	0102000000000000000000000000000000000000000000000000000000003800000000000000000000000000000000000000000000000000000000000000000000000000000000000000800438536E0000000000000000000000000000000000000000000000000000000000000000000000000000000000000000000000000000000000000000000000000000000000000000000000000000000000000000000000C944800000000000000000000000000800E300000900E30000000000000000000000000000000000000000000000000000000000000000000000000000000000000000000000000000000000000000000000000000000000000000000000
65	23229646	0102000000000000000000000000000000000000000000000000000000002200000000000000000000000000000000000000000000000000000000000000000000000000000000000000000422AF720000000000000000000000000000000000000000000000000000000000000000000000000000000000000000000000000000000000000000000000000000000000000000000000000000000000000000000000C944800000000000000000000000000800E300000900E30000000000000000000000000000000000000000000000000000000000000000000000000000000000000000000000000000000000000000000000000000000000000000000000
66	23587016	7600000000000000000000000000000000000000000000000000000000000100000000000000000000000000000000000000000000000000000000000000000000000000000000000000800500E2750000000000000000000000000000000000000000000000000000000000000000000000000000000000000000000000000000000000000000000000000000000000000000000000000000000000000000000000F4FF800000000000000000000000000800E000000900E00000000001000000000000000000000000000000000000000000000000000000000000000000000000000000000000000000000000000000000000000000000000000000000000
67	23944390	7600000000000000000000000000000000000000000000000000000000000100000000000000000000000000000000000000000000000000000000000000000000000000000000000000000B02CB750000000000000000000000000000000000000000000000000000000000000000000000000000000000000000000000000000000000000000000000000000000000000000000000000000000000000000000000F4FF800000000000000000000000000800E000000900E00000000101000000000000000000000000000000000000000000000000000000000000000000000000000000000000000000000000000000000000000000000000000000000000
68	24301768	0700000000000000000000000000000000000000000000000000000000000100000000000000000000000000000000000000000000000000000000000000000000000000000000000000001D0E37750000000000000000000000000000000000000000000000000000000000000000000000000000000000000000000000000000000000000000000000000000000000000000000000000000000000000000000000F4FF800000000000000000000000000800E000000900E00000000101000000000000000000000000000000000000000000000000000000000000000000000000000000000000000000000000000000000000000000000000000000000000
69	24658410	00000000000000000000000000000D00000000000000000000000000000000000A00070000000000010400000000000000000000000000000000000000000000000000000000000000000000000000000000000000000000000000000000000000000000000000000000000000000000000000000000000000000000000000000000000000000000000000000000000000000000000000000000000000000000000000000000000000000000000000000000000000000000000000370000000000000000000000000000000000000000000000000000000000008000000000000000000000000000000000000000000000000000000000000000000000000000
70	25015772	01000000000000000000000000000D00000000000000000000000000000000000A00070000000000010400000000000000000000000000000000000000000000000000000000000000000000000000000000000000000000000000000000000000000000000000000000000000000000000000000000000000000000000000000000000000000000000000000000000000000000000000000000000000000000000000000000000000000000000000000000000000000000000000370000000000000000000000000000000000000000000000000000000000008000000000000001000000000000000000000000000000000000000000010000000000000000
71	25373140	02000000000000000000000000000D00000000000000000000000000000000000A00070000000000010400000000000000000000000000000000000000000000000000000000000000000000000000000000000000000000000000000000000000000000000000000000000000000000000000000000000000000000000000000000000000000000000000000000000000000000000000000000000000000000000000000000000000000000000000000000000000000000000000370000000000000000000000000000000000000000000000000000000000008000000000000002000000000000000000000000000000000000000000000000000000000000
72	25730502	03000000000000000000000000000D00000000000000000000000000000000000A00070000000000010400000000000000000000000000000000000000000000000000000000000000000000000000000000000000000000000000000000000000000000000000000000000000000000000000000000000000000000000000000000000000000000000000000000000000000000000000000000000000000000000000000000000000000000000000000000000000000000000000370000000000000000000000000000000000000000000000000000000000008000000000000003000000000000000000000000000000000000000000010000000000000000
73	26087870	04000000000000000000000000000D00000000000000000000000000000000000A00070000000000010400000000000000000000000000000000000000000000000000000000000000000000000000000000000000000000000000000000000000000000000000000000000000000000000000000000000000000000000000000000000000000000000000000000000000000000000000000000000000000000000000000000000000000000000000000000000000000000000000370000000000000000000000000000000000000000000000000000000000008000000000000004000000000000000000000000000000000000000000000000000000000000
74	26445256	05000000000000000000000000000D00000000000000000000000000000000000A00070000000000010400000000000000000000000000000000000000000000000000000000000000000000000000000000000000000000000000000000000000000000000000000000000000000000000000000000000000000000000000000000000000000000000000000000000000000000000000000000000000000000000000000000000000000000000000000000000000000000000000370000000000000000000000000000000000000000000000000000000000008000000000000005000000000000000000000000000000000000000000010000000000000000
75	26802618	06000000000000000000000000000D00000000000000000000000000000000000A00070000000000010400000000000000000000000000000000000000000000000000000000000000000000000000000000000000000000000000000000000000000000000000000000000000000000000000000000000000000000000000000000000000000000000000000000000000000000000000000000000000000000000000000000000000000000000000000000000000000000000000370000000000000000000000000000000000000000000000000000000000008000000000000006000000000000000000000000000000000000000000000000000000000000
76	27159986	07000000000000000000000000000D00000000000000000000000000000000000A00070000000000010400000000000000000000000000000000000000000000000000000000000000000000000000000000000000000000000000000000000000000000000000000000000000000000000000000000000000000000000000000000000000000000000000000000000000000000000000000000000000000000000000000000000000000000000000000000000000000000000000370000000000000000000000000000000000000000000000000000000000008000000000000007000000000000000000000000000000000000000000010000000000000000
77	27517348	08000000000000000000000000000D00000000000000000000000000000000000A00070000000000010400000000000000000000000000000000000000000000000000000000000000000000000000000000000000000000000000000000000000000000000000000000000000000000000000000000000000000000000000000000000000000000000000000000000000000000000000000000000000000000000000000000000000000000000000000000000000000000000000370000000000000000000000000000000000000000000000000000000000008000000000000008000000000000000000000000000000000000000000000000000000000000
78	27874716	09000000000000000000000000000D00000000000000000000000000000000000A00070000000000010400000000000000000000000000000000000000000000000000000000000000000000000000000000000000000000000000000000000000000000000000000000000000000000000000000000000000000000000000000000000000000000000000000000000000000000000000000000000000000000000000000000000000000000000000000000000000000000000000370000000000000000000000000000000000000000000000000000000000008000000000000009000000000000000000000000000000000000000000010000000000000000
79	28232078	0A000000000000000000000000000D00000000000000000000000000000000000A0007000000000001040000000000000000000000000000000000000000000000000000000000000000000000000000000000000000000000000000000000000000000000000000000000000000000000000000000000000000000000000000000000000000000000000000000000000000000000000000000000000000000000000000000000000000000000000000000000000000000000000037000000000000000000000000000000000000000000000000000000000000800000000000000A000000000000000000000000000000000000000000000000000000000000
80	28589446	0B000000000000000000000000000D00000000000000000000000000000000000A0007000000000001040000000000000000000000000000000000000000000000000000000000000000000000000000000000000000000000000000000000000000000000000000000000000000000000000000000000000000000000000000000000000000000000000000000000000000000000000000000000000000000000000000000000000000000000000000000000000000000000000037000000000000000000000000000000000000000000000000000000000000800000000000000B000000000000000000000000000000000000000000010000000000000000
81	28946832	0C000000000000000000000000000D00000000000000000000000000000000000A0007000000000001040000000000000000000000000000000000000000000000000000000000000000000000000000000000000000000000000000000000000000000000000000000000000000000000000000000000000000000000000000000000000000000000000000000000000000000000000000000000000000000000000000000000000000000000000000000000000000000000000037000000000000000000000000000000000000000000000000000000000000800000000000000C000000000000000000000000000000000000000000000000000000000000
82	29304194	0D000000000000000000000000000D00000000000000000000000000000000000A0007000000000001040000000000000000000000000000000000000000000000000000000000000000000000000000000000000000000000000000000000000000000000000000000000000000000000000000000000000000000000000000000000000000000000000000000000000000000000000000000000000000000000000000000000000000000000000000000000000000000000000037000000000000000000000000000000000000000000000000000000000000800000000000000D000000000000000000000000000000000000000000010000000000000000
83	29661562	0E000000000000000000000000000D00000000000000000000000000000000000A0007000000000001040000000000000000000000000000000000000000000000000000000000000000000000000000000000000000000000000000000000000000000000000000000000000000000000000000000000000000000000000000000000000000000000000000000000000000000000000000000000000000000000000000000000000000000000000000000000000000000000000037000000000000000000000000000000000000000000000000000000000000800000000000000E000000000000000000000000000000000000000000000000000000000000
84	30018918	82000000000000000000000000000D00000000000000000000000000000000000A0007000000000001040000000000000000000000000000000000000000000000000000000000000000000000000000000000000000000000000000000000000000000000000000000000000000000000000000000000000000000000000000000000000000000000000000000000000000000000000000000000000000000000000000000000000000000000000000000000000000000000000037000000000000000000000000000000000000000000000000000000000000800000000000000F000000000000000000000000000000000000000000010000000000000000
85	30376284	81000000000000000000000000000D00000000000000000000000000000000000A00070000000000010400000000000000000000000000000000000000000000000000000000000000000000000000000000000000000000000000000000000000000000000000000000000000000000000000000000000000000000000000000000000000000000000000000000000000000000000000000000000000000000000000000000000000000000000000000000000000000000000000370000000000000000000000000000000000000000000000000000000000008000000000000010000000000000000000000000000000000000000000000000000000000000
86	30733656	80000000000000000000000000000D00000000000000000000000000000000000A00070000000000010400000000000000000000000000000000000000000000000000000000000000000000000000000000000000000000000000000000000000000000000000000000000000000000000000000000000000000000000000000000000000000000000000000000000000000000000000000000000000000000000000000000000000000000000000000000000000000000000000370000000000000000000000000000000000000000000000000000000000008000000000000011000000000000000000000000000000000000000000010000000000000000
87	31091022	7F000000000000000000000000000D00000000000000000000000000000000000A00070000000000010400000000000000000000000000000000000000000000000000000000000000000000000000000000000000000000000000000000000000000000000000000000000000000000000000000000000000000000000000000000000000000000000000000000000000000000000000000000000000000000000000000000000000000000000000000000000000000000000000370000000000000000000000000000000000000000000000000000000000008000000000000012000000000000000000000000000000000000000000000000000000000000
88	31448394	7E000000000000000000000000000D00000000000000000000000000000000000A00070000000000010400000000000000000000000000000000000000000000000000000000000000000000000000000000000000000000000000000000000000000000000000000000000000000000000000000000000000000000000000000000000000000000000000000000000000000000000000000000000000000000000000000000000000000000000000000000000000000000000000370000000000000000000000000000000000000000000000000000000000008000000000000013000000000000000000000000000000000000000000010000000000000000
89	31805760	7D000000000000000000000000000D00000000000000000000000000000000000A00070000000000010400000000000000000000000000000000000000000000000000000000000000000000000000000000000000000000000000000000000000000000000000000000000000000000000000000000000000000000000000000000000000000000000000000000000000000000000000000000000000000000000000000000000000000000000000000000000000000000000000370000000000000000000000000000000000000000000000000000000000008000000000000014000000000000000000000000000000000000000000000000000000000000
90	32163132	7C000000000000000000000000000D00000000000000000000000000000000000A00070000000000010400000000000000000000000000000000000000000000000000000000000000000000000000000000000000000000000000000000000000000000000000000000000000000000000000000000000000000000000000000000000000000000000000000000000000000000000000000000000000000000000000000000000000000000000000000000000000000000000000370000000000000000000000000000000000000000000000000000000000008000000000000015000000000000000000000000000000000000000000010000000000000000
91	32520498	7B000000000000000000000000000D00000000000000000000000000000000000A00070000000000010400000000000000000000000000000000000000000000000000000000000000000000000000000000000000000000000000000000000000000000000000000000000000000000000000000000000000000000000000000000000000000000000000000000000000000000000000000000000000000000000000000000000000000000000000000000000000000000000000370000000000000000000000000000000000000000000000000000000000008000000000000016000000000000000000000000000000000000000000000000000000000000
92	32877870	7A000000000000000000000000000D00000000000000000000000000000000000A00070000000000010400000000000000000000000000000000000000000000000000000000000000000000000000000000000000000000000000000000000000000000000000000000000000000000000000000000000000000000000000000000000000000000000000000000000000000000000000000000000000000000000000000000000000000000000000000000000000000000000000370000000000000000000000000000000000000000000000000000000000008000000000000017000000000000000000000000000000000000000000010000000000000000
93	33235236	79000000000000000000000000000D00000000000000000000000000000000000A00070000000000010400000000000000000000000000000000000000000000000000000000000000000000000000000000000000000000000000000000000000000000000000000000000000000000000000000000000000000000000000000000000000000000000000000000000000000000000000000000000000000000000000000000000000000000000000000000000000000000000000370000000000000000000000000000000000000000000000000000000000008000000000000018000000000000000000000000000000000000000000000000000000000000
94	33592608	78000000000000000000000000000D00000000000000000000000000000000000A00070000000000010400000000000000000000000000000000000000000000000000000000000000000000000000000000000000000000000000000000000000000000000000000000000000000000000000000000000000000000000000000000000000000000000000000000000000000000000000000000000000000000000000000000000000000000000000000000000000000000000000370000000000000000000000000000000000000000000000000000000000008000000000000019000000000000000000000000000000000000000000010000000000000000
95	33949974	77000000000000000000000000000D00000000000000000000000000000000000A0007000000000001040000000000000000000000000000000000000000000000000000000000000000000000000000000000000000000000000000000000000000000000000000000000000000000000000000000000000000000000000000000000000000000000000000000000000000000000000000000000000000000000000000000000000000000000000000000000000000000000000037000000000000000000000000000000000000000000000000000000000000800000000000001A000000000000000000000000000000000000000000000000000000000000
96	34307346	76000000000000000000000000000D00000000000000000000000000000000000A0007000000000001040000000000000000000000000000000000000000000000000000000000000000000000000000000000000000000000000000000000000000000000000000000000000000000000000000000000000000000000000000000000000000000000000000000000000000000000000000000000000000000000000000000000000000000000000000000000000000000000000037000000000000000000000000000000000000000000000000000000000000800000000000001B000000000000000000000000000000000000000000010000000000000000
97	34664712	75000000000000000000000000000D00000000000000000000000000000000000A0007000000000001040000000000000000000000000000000000000000000000000000000000000000000000000000000000000000000000000000000000000000000000000000000000000000000000000000000000000000000000000000000000000000000000000000000000000000000000000000000000000000000000000000000000000000000000000000000000000000000000000037000000000000000000000000000000000000000000000000000000000000800000000000001C000000000000000000000000000000000000000000000000000000000000
98	35022084	74000000000000000000000000000D00000000000000000000000000000000000A0007000000000001040000000000000000000000000000000000000000000000000000000000000000000000000000000000000000000000000000000000000000000000000000000000000000000000000000000000000000000000000000000000000000000000000000000000000000000000000000000000000000000000000000000000000000000000000000000000000000000000000037000000000000000000000000000000000000000000000000000000000000800000000000001D000000000000000000000000000000000000000000010000000000000000
99	35379450	73000000000000000000000000000D00000000000000000000000000000000000A0007000000000001040000000000000000000000000000000000000000000000000000000000000000000000000000000000000000000000000000000000000000000000000000000000000000000000000000000000000000000000000000000000000000000000000000000000000000000000000000000000000000000000000000000000000000000000000000000000000000000000000037000000000000000000000000000000000000000000000000000000000000800000000000001E000000000000000000000000000000000000000000000000000000000000
100	35736822	72000000000000000000000000000D00000000000000000000000000000000000A0007000000000001040000000000000000000000000000000000000000000000000000000000000000000000000000000000000000000000000000000000000000000000000000000000000000000000000000000000000000000000000000000000000000000000000000000000000000000000000000000000000000000000000000000000000000000000000000000000000000000000000037000000000000000000000000000000000000000000000000000000000000800000000000001F000000000000000000000000000000000000000000010000000000000000
101	36094170	71000000000000000000000000000D00000000000000000000000000000000000A00070000000000010400000000000000000000000000000000000000000000000000000000000000000000000000000000000000000000000000000000000000000000000000000000000000000000000000000000000000000000000000000000000000000000000000000000000000000000000000000000000000000000000000000000000000000000000000000000000000000000000000370000000000000000000000000000000000000000000000000000000000008000000000000020000000000000000000000000000000000000000000000000000000000000
102	36451560	70000000000000000000000000000D00000000000000000000000000000000000A00070000000000010400000000000000000000000000000000000000000000000000000000000000000000000000000000000000000000000000000000000000000000000000000000000000000000000000000000000000000000000000000000000000000000000000000000000000000000000000000000000000000000000000000000000000000000000000000000000000000000000000370000000000000000000000000000000000000000000000000000000000008000000000000021000000000000000000000000000000000000000000010000000000000000
103	36808908	6F000000000000000000000000000D00000000000000000000000000000000000A00070000000000010400000000000000000000000000000000000000000000000000000000000000000000000000000000000000000000000000000000000000000000000000000000000000000000000000000000000000000000000000000000000000000000000000000000000000000000000000000000000000000000000000000000000000000000000000000000000000000000000000370000000000000000000000000000000000000000000000000000000000008000000000000022000000000000000000000000000000000000000000000000000000000000
104	37166274	6E000000000000000000000000000D00000000000000000000000000000000000A00070000000000010400000000000000000000000000000000000000000000000000000000000000000000000000000000000000000000000000000000000000000000000000000000000000000000000000000000000000000000000000000000000000000000000000000000000000000000000000000000000000000000000000000000000000000000000000000000000000000000000000370000000000000000000000000000000000000000000000000000000000008000000000000023000000000000000000000000000000000000000000010000000000000000
105	37523646	6D000000000000000000000000000D00000000000000000000000000000000000A00070000000000010400000000000000000000000000000000000000000000000000000000000000000000000000000000000000000000000000000000000000000000000000000000000000000000000000000000000000000000000000000000000000000000000000000000000000000000000000000000000000000000000000000000000000000000000000000000000000000000000000370000000000000000000000000000000000000000000000000000000000008000000000000024000000000000000000000000000000000000000000000000000000000000
106	37881012	6C000000000000000000000000000D00000000000000000000000000000000000A00070000000000010400000000000000000000000000000000000000000000000000000000000000000000000000000000000000000000000000000000000000000000000000000000000000000000000000000000000000000000000000000000000000000000000000000000000000000000000000000000000000000000000000000000000000000000000000000000000000000000000000370000000000000000000000000000000000000000000000000000000000008000000000000025000000000000000000000000000000000000000000010000000000000000
107	38238384	6B000000000000000000000000000D00000000000000000000000000000000000A00070000000000010400000000000000000000000000000000000000000000000000000000000000000000000000000000000000000000000000000000000000000000000000000000000000000000000000000000000000000000000000000000000000000000000000000000000000000000000000000000000000000000000000000000000000000000000000000000000000000000000000370000000000000000000000000000000000000000000000000000000000008000000000000026000000000000000000000000000000000000000000000000000000000000
108	38595750	6A000000000000000000000000000D00000000000000000000000000000000000A00070000000000010400000000000000000000000000000000000000000000000000000000000000000000000000000000000000000000000000000000000000000000000000000000000000000000000000000000000000000000000000000000000000000000000000000000000000000000000000000000000000000000000000000000000000000000000000000000000000000000000000370000000000000000000000000000000000000000000000000000000000008000000000000027000000000000000000000000000000000000000000010000000000000000
109	38953122	69000000000000000000000000000D00000000000000000000000000000000000A00070000000000010400000000000000000000000000000000000000000000000000000000000000000000000000000000000000000000000000000000000000000000000000000000000000000000000000000000000000000000000000000000000000000000000000000000000000000000000000000000000000000000000000000000000000000000000000000000000000000000000000370000000000000000000000000000000000000000000000000000000000008000000000000028000000000000000000000000000000000000000000000000000000000000
110	39310488	68000000000000000000000000000D00000000000000000000000000000000000A00070000000000010400000000000000000000000000000000000000000000000000000000000000000000000000000000000000000000000000000000000000000000000000000000000000000000000000000000000000000000000000000000000000000000000000000000000000000000000000000000000000000000000000000000000000000000000000000000000000000000000000370000000000000000000000000000000000000000000000000000000000008000000000000029000000000000000000000000000000000000000000010000000000000000
111	39667860	67000000000000000000000000000D00000000000000000000000000000000000A0007000000000001040000000000000000000000000000000000000000000000000000000000000000000000000000000000000000000000000000000000000000000000000000000000000000000000000000000000000000000000000000000000000000000000000000000000000000000000000000000000000000000000000000000000000000000000000000000000000000000000000037000000000000000000000000000000000000000000000000000000000000800000000000002A000000000000000000000000000000000000000000000000000000000000
112	40025226	66000000000000000000000000000D00000000000000000000000000000000000A0007000000000001040000000000000000000000000000000000000000000000000000000000000000000000000000000000000000000000000000000000000000000000000000000000000000000000000000000000000000000000000000000000000000000000000000000000000000000000000000000000000000000000000000000000000000000000000000000000000000000000000037000000000000000000000000000000000000000000000000000000000000800000000000002B000000000000000000000000000000000000000000010000000000000000
113	40382598	65000000000000000000000000000D00000000000000000000000000000000000A0007000000000001040000000000000000000000000000000000000000000000000000000000000000000000000000000000000000000000000000000000000000000000000000000000000000000000000000000000000000000000000000000000000000000000000000000000000000000000000000000000000000000000000000000000000000000000000000000000000000000000000037000000000000000000000000000000000000000000000000000000000000800000000000002C000000000000000000000000000000000000000000000000000000000000
114	40739964	64000000000000000000000000000D00000000000000000000000000000000000A0007000000000001040000000000000000000000000000000000000000000000000000000000000000000000000000000000000000000000000000000000000000000000000000000000000000000000000000000000000000000000000000000000000000000000000000000000000000000000000000000000000000000000000000000000000000000000000000000000000000000000000037000000000000000000000000000000000000000000000000000000000000800000000000002D000000000000000000000000000000000000000000010000000000000000
115	41097336	63000000000000000000000000000D00000000000000000000000000000000000A0007000000000001040000000000000000000000000000000000000000000000000000000000000000000000000000000000000000000000000000000000000000000000000000000000000000000000000000000000000000000000000000000000000000000000000000000000000000000000000000000000000000000000000000000000000000000000000000000000000000000000000037000000000000000000000000000000000000000000000000000000000000800000000000002E000000000000000000000000000000000000000000000000000000000000
116	41454702	62000000000000000000000000000D00000000000000000000000000000000000A0007000000000001040000000000000000000000000000000000000000000000000000000000000000000000000000000000000000000000000000000000000000000000000000000000000000000000000000000000000000000000000000000000000000000000000000000000000000000000000000000000000000000000000000000000000000000000000000000000000000000000000037000000000000000000000000000000000000000000000000000000000000800000000000002F000000000000000000000000000000000000000000010000000000000000
117	41812074	61000000000000000000000000000D00000000000000000000000000000000000A00070000000000010400000000000000000000000000000000000000000000000000000000000000000000000000000000000000000000000000000000000000000000000000000000000000000000000000000000000000000000000000000000000000000000000000000000000000000000000000000000000000000000000000000000000000000000000000000000000000000000000000370000000000000000000000000000000000000000000000000000000000008000000000000030000000000000000000000000000000000000000000000000000000000000
118	42169440	60000000000000000000000000000D00000000000000000000000000000000000A00070000000000010400000000000000000000000000000000000000000000000000000000000000000000000000000000000000000000000000000000000000000000000000000000000000000000000000000000000000000000000000000000000000000000000000000000000000000000000000000000000000000000000000000000000000000000000000000000000000000000000000370000000000000000000000000000000000000000000000000000000000008000000000000031000000000000000000000000000000000000000000010000000000000000
119	42526812	5F000000000000000000000000000D00000000000000000000000000000000000A00070000000000010400000000000000000000000000000000000000000000000000000000000000000000000000000000000000000000000000000000000000000000000000000000000000000000000000000000000000000000000000000000000000000000000000000000000000000000000000000000000000000000000000000000000000000000000000000000000000000000000000370000000000000000000000000000000000000000000000000000000000008000000000000032000000000000000000000000000000000000000000000000000000000000
120	42884178	5E000000000000000000000000000D00000000000000000000000000000000000A00070000000000010400000000000000000000000000000000000000000000000000000000000000000000000000000000000000000000000000000000000000000000000000000000000000000000000000000000000000000000000000000000000000000000000000000000000000000000000000000000000000000000000000000000000000000000000000000000000000000000000000370000000000000000000000000000000000000000000000000000000000008000000000000033000000000000000000000000000000000000000000010000000000000000
121	43241550	5D000000000000000000000000000D00000000000000000000000000000000000A00070000000000010400000000000000000000000000000000000000000000000000000000000000000000000000000000000000000000000000000000000000000000000000000000000000000000000000000000000000000000000000000000000000000000000000000000000000000000000000000000000000000000000000000000000000000000000000000000000000000000000000370000000000000000000000000000000000000000000000000000000000008000000000000034000000000000000000000000000000000000000000000000000000000000
122	43598898	5C000000000000000000000000000D00000000000000000000000000000000000A00070000000000010400000000000000000000000000000000000000000000000000000000000000000000000000000000000000000000000000000000000000000000000000000000000000000000000000000000000000000000000000000000000000000000000000000000000000000000000000000000000000000000000000000000000000000000000000000000000000000000000000370000000000000000000000000000000000000000000000000000000000008000000000000035000000000000000000000000000000000000000000010000000000000000
123	43956288	5B000000000000000000000000000D00000000000000000000000000000000000A00070000000000010400000000000000000000000000000000000000000000000000000000000000000000000000000000000000000000000000000000000000000000000000000000000000000000000000000000000000000000000000000000000000000000000000000000000000000000000000000000000000000000000000000000000000000000000000000000000000000000000000370000000000000000000000000000000000000000000000000000000000008000000000000036000000000000000000000000000000000000000000000000000000000000
124	44313636	5A000000000000000000000000000D00000000000000000000000000000000000A00070000000000010400000000000000000000000000000000000000000000000000000000000000000000000000000000000000000000000000000000000000000000000000000000000000000000000000000000000000000000000000000000000000000000000000000000000000000000000000000000000000000000000000000000000000000000000000000000000000000000000000370000000000000000000000000000000000000000000000000000000000008000000000000037000000000000000000000000000000000000000000010000000000000000
125	44671002	59000000000000000000000000000D00000000000000000000000000000000000A00070000000000010400000000000000000000000000000000000000000000000000000000000000000000000000000000000000000000000000000000000000000000000000000000000000000000000000000000000000000000000000000000000000000000000000000000000000000000000000000000000000000000000000000000000000000000000000000000000000000000000000370000000000000000000000000000000000000000000000000000000000008000000000000038000000000000000000000000000000000000000000000000000000000000
126	45028374	58000000000000000000000000000D00000000000000000000000000000000000A00070000000000010400000000000000000000000000000000000000000000000000000000000000000000000000000000000000000000000000000000000000000000000000000000000000000000000000000000000000000000000000000000000000000000000000000000000000000000000000000000000000000000000000000000000000000000000000000000000000000000000000370000000000000000000000000000000000000000000000000000000000008000000000000039000000000000000000000000000000000000000000010000000000000000
127	45385740	57000000000000000000000000000D00000000000000000000000000000000000A0007000000000001040000000000000000000000000000000000000000000000000000000000000000000000000000000000000000000000000000000000000000000000000000000000000000000000000000000000000000000000000000000000000000000000000000000000000000000000000000000000000000000000000000000000000000000000000000000000000000000000000037000000000000000000000000000000000000000000000000000000000000800000000000003A000000000000000000000000000000000000000000000000000000000000
128	45743112	56000000000000000000000000000D00000000000000000000000000000000000A0007000000000001040000000000000000000000000000000000000000000000000000000000000000000000000000000000000000000000000000000000000000000000000000000000000000000000000000000000000000000000000000000000000000000000000000000000000000000000000000000000000000000000000000000000000000000000000000000000000000000000000037000000000000000000000000000000000000000000000000000000000000800000000000003B000000000000000000000000000000000000000000010000000000000000
129	46100492	55000000000000000000000000000D00000000000000000000000000000000000A0007000000000001040000000000000000000000000000000000000000000000000000000000000000000000000000000000000000000000000000000000000000000000000000000000000000000000000000000000000000000000000000000000000000000000000000000000000000000000000000000000000000000000000000000000000000000000000000000000000000000000000037000000000000000000000000000000000000000000000000000000000000800000000000003C000000000000000000000000000000000000000000000000000000000000
130	46457858	54000000000000000000000000000D00000000000000000000000000000000000A0007000000000001040000000000000000000000000000000000000000000000000000000000000000000000000000000000000000000000000000000000000000000000000000000000000000000000000000000000000000000000000000000000000000000000000000000000000000000000000000000000000000000000000000000000000000000000000000000000000000000000000037000000000000000000000000000000000000000000000000000000000000800000000000003D000000000000000000000000000000000000000000010000000000000000
131	46815230	53000000000000000000000000000D00000000000000000000000000000000000A0007000000000001040000000000000000000000000000000000000000000000000000000000000000000000000000000000000000000000000000000000000000000000000000000000000000000000000000000000000000000000000000000000000000000000000000000000000000000000000000000000000000000000000000000000000000000000000000000000000000000000000037000000000000000000000000000000000000000000000000000000000000800000000000003E000000000000000000000000000000000000000000000000000000000000
132	47172578	52000000000000000000000000000D00000000000000000000000000000000000A0007000000000001040000000000000000000000000000000000000000000000000000000000000000000000000000000000000000000000000000000000000000000000000000000000000000000000000000000000000000000000000000000000000000000000000000000000000000000000000000000000000000000000000000000000000000000000000000000000000000000000000037000000000000000000000000000000000000000000000000000000000000800000000000003F000000000000000000000000000000000000000000010000000000000000
133	47529968	51000000000000000000000000000D00000000000000000000000000000000000A00070000000000010400000000000000000000000000000000000000000000000000000000000000000000000000000000000000000000000000000000000000000000000000000000000000000000000000000000000000000000000000000000000000000000000000000000000000000000000000000000000000000000000000000000000000000000000000000000000000000000000000370000000000000000000000000000000000000000000000000000000000008000000000000040000000000000000000000000000000000000000000000000000000000000
134	47887316	50000000000000000000000000000D00000000000000000000000000000000000A00070000000000010400000000000000000000000000000000000000000000000000000000000000000000000000000000000000000000000000000000000000000000000000000000000000000000000000000000000000000000000000000000000000000000000000000000000000000000000000000000000000000000000000000000000000000000000000000000000000000000000000370000000000000000000000000000000000000000000000000000000000008000000000000041000000000000000000000000000000000000000000010000000000000000
135	48244682	4F000000000000000000000000000D00000000000000000000000000000000000A00070000000000010400000000000000000000000000000000000000000000000000000000000000000000000000000000000000000000000000000000000000000000000000000000000000000000000000000000000000000000000000000000000000000000000000000000000000000000000000000000000000000000000000000000000000000000000000000000000000000000000000370000000000000000000000000000000000000000000000000000000000008000000000000042000000000000000000000000000000000000000000000000000000000000
136	48602054	4E000000000000000000000000000D00000000000000000000000000000000000A00070000000000010400000000000000000000000000000000000000000000000000000000000000000000000000000000000000000000000000000000000000000000000000000000000000000000000000000000000000000000000000000000000000000000000000000000000000000000000000000000000000000000000000000000000000000000000000000000000000000000000000370000000000000000000000000000000000000000000000000000000000008000000000000043000000000000000000000000000000000000000000010000000000000000
137	48959420	4D000000000000000000000000000D00000000000000000000000000000000000A00070000000000010400000000000000000000000000000000000000000000000000000000000000000000000000000000000000000000000000000000000000000000000000000000000000000000000000000000000000000000000000000000000000000000000000000000000000000000000000000000000000000000000000000000000000000000000000000000000000000000000000370000000000000000000000000000000000000000000000000000000000008000000000000044000000000000000000000000000000000000000000000000000000000000
138	49316792	4C000000000000000000000000000D00000000000000000000000000000000000A00070000000000010400000000000000000000000000000000000000000000000000000000000000000000000000000000000000000000000000000000000000000000000000000000000000000000000000000000000000000000000000000000000000000000000000000000000000000000000000000000000000000000000000000000000000000000000000000000000000000000000000370000000000000000000000000000000000000000000000000000000000008000000000000045000000000000000000000000000000000000000000010000000000000000
139	49674158	4B000000000000000000000000000D00000000000000000000000000000000000A00070000000000010400000000000000000000000000000000000000000000000000000000000000000000000000000000000000000000000000000000000000000000000000000000000000000000000000000000000000000000000000000000000000000000000000000000000000000000000000000000000000000000000000000000000000000000000000000000000000000000000000370000000000000000000000000000000000000000000000000000000000008000000000000046000000000000000000000000000000000000000000000000000000000000
140	50031530	4A000000000000000000000000000D00000000000000000000000000000000000A00070000000000010400000000000000000000000000000000000000000000000000000000000000000000000000000000000000000000000000000000000000000000000000000000000000000000000000000000000000000000000000000000000000000000000000000000000000000000000000000000000000000000000000000000000000000000000000000000000000000000000000370000000000000000000000000000000000000000000000000000000000008000000000000047000000000000000000000000000000000000000000010000000000000000
141	50388896	49000000000000000000000000000D00000000000000000000000000000000000A00070000000000010400000000000000000000000000000000000000000000000000000000000000000000000000000000000000000000000000000000000000000000000000000000000000000000000000000000000000000000000000000000000000000000000000000000000000000000000000000000000000000000000000000000000000000000000000000000000000000000000000370000000000000000000000000000000000000000000000000000000000008000000000000048000000000000000000000000000000000000000000000000000000000000
142	50746268	48000000000000000000000000000D00000000000000000000000000000000000A00070000000000010400000000000000000000000000000000000000000000000000000000000000000000000000000000000000000000000000000000000000000000000000000000000000000000000000000000000000000000000000000000000000000000000000000000000000000000000000000000000000000000000000000000000000000000000000000000000000000000000000370000000000000000000000000000000000000000000000000000000000008000000000000049000000000000000000000000000000000000000000010000000000000000
143	51103634	47000000000000000000000000000D00000000000000000000000000000000000A0007000000000001040000000000000000000000000000000000000000000000000000000000000000000000000000000000000000000000000000000000000000000000000000000000000000000000000000000000000000000000000000000000000000000000000000000000000000000000000000000000000000000000000000000000000000000000000000000000000000000000000037000000000000000000000000000000000000000000000000000000000000800000000000004A000000000000000000000000000000000000000000000000000000000000
144	51461006	46000000000000000000000000000D00000000000000000000000000000000000A0007000000000001040000000000000000000000000000000000000000000000000000000000000000000000000000000000000000000000000000000000000000000000000000000000000000000000000000000000000000000000000000000000000000000000000000000000000000000000000000000000000000000000000000000000000000000000000000000000000000000000000037000000000000000000000000000000000000000000000000000000000000800000000000004B000000000000000000000000000000000000000000010000000000000000
145	51818372	45000000000000000000000000000D00000000000000000000000000000000000A0007000000000001040000000000000000000000000000000000000000000000000000000000000000000000000000000000000000000000000000000000000000000000000000000000000000000000000000000000000000000000000000000000000000000000000000000000000000000000000000000000000000000000000000000000000000000000000000000000000000000000000037000000000000000000000000000000000000000000000000000000000000800000000000004C000000000000000000000000000000000000000000000000000000000000
146	52175744	44000000000000000000000000000D00000000000000000000000000000000000A0007000000000001040000000000000000000000000000000000000000000000000000000000000000000000000000000000000000000000000000000000000000000000000000000000000000000000000000000000000000000000000000000000000000000000000000000000000000000000000000000000000000000000000000000000000000000000000000000000000000000000000037000000000000000000000000000000000000000000000000000000000000800000000000004D000000000000000000000000000000000000000000010000000000000000
147	52533110	43000000000000000000000000000D00000000000000000000000000000000000A0007000000000001040000000000000000000000000000000000000000000000000000000000000000000000000000000000000000000000000000000000000000000000000000000000000000000000000000000000000000000000000000000000000000000000000000000000000000000000000000000000000000000000000000000000000000000000000000000000000000000000000037000000000000000000000000000000000000000000000000000000000000800000000000004E000000000000000000000000000000000000000000000000000000000000
148	52890482	42000000000000000000000000000D00000000000000000000000000000000000A0007000000000001040000000000000000000000000000000000000000000000000000000000000000000000000000000000000000000000000000000000000000000000000000000000000000000000000000000000000000000000000000000000000000000000000000000000000000000000000000000000000000000000000000000000000000000000000000000000000000000000000037000000000000000000000000000000000000000000000000000000000000800000000000004F000000000000000000000000000000000000000000010000000000000000
149	53247848	41000000000000000000000000000D00000000000000000000000000000000000A00070000000000010400000000000000000000000000000000000000000000000000000000000000000000000000000000000000000000000000000000000000000000000000000000000000000000000000000000000000000000000000000000000000000000000000000000000000000000000000000000000000000000000000000000000000000000000000000000000000000000000000370000000000000000000000000000000000000000000000000000000000008000000000000050000000000000000000000000000000000000000000000000000000000000
150	53605220	40000000000000000000000000000D00000000000000000000000000000000000A00070000000000010400000000000000000000000000000000000000000000000000000000000000000000000000000000000000000000000000000000000000000000000000000000000000000000000000000000000000000000000000000000000000000000000000000000000000000000000000000000000000000000000000000000000000000000000000000000000000000000000000370000000000000000000000000000000000000000000000000000000000008000000000000051000000000000000000000000000000000000000000010000000000000000
151	53962586	3F000000000000000000000000000D00000000000000000000000000000000000A00070000000000010400000000000000000000000000000000000000000000000000000000000000000000000000000000000000000000000000000000000000000000000000000000000000000000000000000000000000000000000000000000000000000000000000000000000000000000000000000000000000000000000000000000000000000000000000000000000000000000000000370000000000000000000000000000000000000000000000000000000000008000000000000052000000000000000000000000000000000000000000000000000000000000
152	54319958	3E000000000000000000000000000D00000000000000000000000000000000000A00070000000000010400000000000000000000000000000000000000000000000000000000000000000000000000000000000000000000000000000000000000000000000000000000000000000000000000000000000000000000000000000000000000000000000000000000000000000000000000000000000000000000000000000000000000000000000000000000000000000000000000370000000000000000000000000000000000000000000000000000000000008000000000000053000000000000000000000000000000000000000000010000000000000000
153	54677306	3D000000000000000000000000000D00000000000000000000000000000000000A00070000000000010400000000000000000000000000000000000000000000000000000000000000000000000000000000000000000000000000000000000000000000000000000000000000000000000000000000000000000000000000000000000000000000000000000000000000000000000000000000000000000000000000000000000000000000000000000000000000000000000000370000000000000000000000000000000000000000000000000000000000008000000000000054000000000000000000000000000000000000000000000000000000000000
154	55034696	3C000000000000000000000000000D00000000000000000000000000000000000A00070000000000010400000000000000000000000000000000000000000000000000000000000000000000000000000000000000000000000000000000000000000000000000000000000000000000000000000000000000000000000000000000000000000000000000000000000000000000000000000000000000000000000000000000000000000000000000000000000000000000000000370000000000000000000000000000000000000000000000000000000000008000000000000055000000000000000000000000000000000000000000010000000000000000
155	55392044	3B000000000000000000000000000D00000000000000000000000000000000000A00070000000000010400000000000000000000000000000000000000000000000000000000000000000000000000000000000000000000000000000000000000000000000000000000000000000000000000000000000000000000000000000000000000000000000000000000000000000000000000000000000000000000000000000000000000000000000000000000000000000000000000370000000000000000000000000000000000000000000000000000000000008000000000000056000000000000000000000000000000000000000000000000000000000000
156	55749410	3A000000000000000000000000000D00000000000000000000000000000000000A00070000000000010400000000000000000000000000000000000000000000000000000000000000000000000000000000000000000000000000000000000000000000000000000000000000000000000000000000000000000000000000000000000000000000000000000000000000000000000000000000000000000000000000000000000000000000000000000000000000000000000000370000000000000000000000000000000000000000000000000000000000008000000000000057000000000000000000000000000000000000000000010000000000000000
157	56106782	39000000000000000000000000000D00000000000000000000000000000000000A00070000000000010400000000000000000000000000000000000000000000000000000000000000000000000000000000000000000000000000000000000000000000000000000000000000000000000000000000000000000000000000000000000000000000000000000000000000000000000000000000000000000000000000000000000000000000000000000000000000000000000000370000000000000000000000000000000000000000000000000000000000008000000000000058000000000000000000000000000000000000000000000000000000000000
158	56464148	38000000000000000000000000000D00000000000000000000000000000000000A00070000000000010400000000000000000000000000000000000000000000000000000000000000000000000000000000000000000000000000000000000000000000000000000000000000000000000000000000000000000000000000000000000000000000000000000000000000000000000000000000000000000000000000000000000000000000000000000000000000000000000000370000000000000000000000000000000000000000000000000000000000008000000000000059000000000000000000000000000000000000000000010000000000000000
159	56821520	37000000000000000000000000000D00000000000000000000000000000000000A0007000000000001040000000000000000000000000000000000000000000000000000000000000000000000000000000000000000000000000000000000000000000000000000000000000000000000000000000000000000000000000000000000000000000000000000000000000000000000000000000000000000000000000000000000000000000000000000000000000000000000000037000000000000000000000000000000000000000000000000000000000000800000000000005A000000000000000000000000000000000000000000000000000000000000
160	57178886	36000000000000000000000000000D00000000000000000000000000000000000A0007000000000001040000000000000000000000000000000000000000000000000000000000000000000000000000000000000000000000000000000000000000000000000000000000000000000000000000000000000000000000000000000000000000000000000000000000000000000000000000000000000000000000000000000000000000000000000000000000000000000000000037000000000000000000000000000000000000000000000000000000000000800000000000005B000000000000000000000000000000000000000000010000000000000000
161	57536258	35000000000000000000000000000D00000000000000000000000000000000000A0007000000000001040000000000000000000000000000000000000000000000000000000000000000000000000000000000000000000000000000000000000000000000000000000000000000000000000000000000000000000000000000000000000000000000000000000000000000000000000000000000000000000000000000000000000000000000000000000000000000000000000037000000000000000000000000000000000000000000000000000000000000800000000000005C000000000000000000000000000000000000000000000000000000000000
162	57893624	34000000000000000000000000000D00000000000000000000000000000000000A0007000000000001040000000000000000000000000000000000000000000000000000000000000000000000000000000000000000000000000000000000000000000000000000000000000000000000000000000000000000000000000000000000000000000000000000000000000000000000000000000000000000000000000000000000000000000000000000000000000000000000000037000000000000000000000000000000000000000000000000000000000000800000000000005D000000000000000000000000000000000000000000010000000000000000
163	58250996	33000000000000000000000000000D00000000000000000000000000000000000A0007000000000001040000000000000000000000000000000000000000000000000000000000000000000000000000000000000000000000000000000000000000000000000000000000000000000000000000000000000000000000000000000000000000000000000000000000000000000000000000000000000000000000000000000000000000000000000000000000000000000000000037000000000000000000000000000000000000000000000000000000000000800000000000005E000000000000000000000000000000000000000000000000000000000000
164	58608362	32000000000000000000000000000D00000000000000000000000000000000000A0007000000000001040000000000000000000000000000000000000000000000000000000000000000000000000000000000000000000000000000000000000000000000000000000000000000000000000000000000000000000000000000000000000000000000000000000000000000000000000000000000000000000000000000000000000000000000000000000000000000000000000037000000000000000000000000000000000000000000000000000000000000800000000000005F000000000000000000000000000000000000000000010000000000000000
165	58965734	31000000000000000000000000000D00000000000000000000000000000000000A00070000000000010400000000000000000000000000000000000000000000000000000000000000000000000000000000000000000000000000000000000000000000000000000000000000000000000000000000000000000000000000000000000000000000000000000000000000000000000000000000000000000000000000000000000000000000000000000000000000000000000000370000000000000000000000000000000000000000000000000000000000008000000000000060000000000000000000000000000000000000000000000000000000000000
166	59323100	30000000000000000000000000000D00000000000000000000000000000000000A00070000000000010400000000000000000000000000000000000000000000000000000000000000000000000000000000000000000000000000000000000000000000000000000000000000000000000000000000000000000000000000000000000000000000000000000000000000000000000000000000000000000000000000000000000000000000000000000000000000000000000000370000000000000000000000000000000000000000000000000000000000008000000000000061000000000000000000000000000000000000000000010000000000000000
167	59680472	2F000000000000000000000000000D00000000000000000000000000000000000A00070000000000010400000000000000000000000000000000000000000000000000000000000000000000000000000000000000000000000000000000000000000000000000000000000000000000000000000000000000000000000000000000000000000000000000000000000000000000000000000000000000000000000000000000000000000000000000000000000000000000000000370000000000000000000000000000000000000000000000000000000000008000000000000062000000000000000000000000000000000000000000000000000000000000
168	60037838	2E000000000000000000000000000D00000000000000000000000000000000000A00070000000000010400000000000000000000000000000000000000000000000000000000000000000000000000000000000000000000000000000000000000000000000000000000000000000000000000000000000000000000000000000000000000000000000000000000000000000000000000000000000000000000000000000000000000000000000000000000000000000000000000370000000000000000000000000000000000000000000000000000000000008000000000000063000000000000000000000000000000000000000000010000000000000000
169	60395210	2D000000000000000000000000000D00000000000000000000000000000000000A00070000000000010400000000000000000000000000000000000000000000000000000000000000000000000000000000000000000000000000000000000000000000000000000000000000000000000000000000000000000000000000000000000000000000000000000000000000000000000000000000000000000000000000000000000000000000000000000000000000000000000000370000000000000000000000000000000000000000000000000000000000008000000000000064000000000000000000000000000000000000000000000000000000000000
170	60752576	2C000000000000000000000000000D00000000000000000000000000000000000A00070000000000010400000000000000000000000000000000000000000000000000000000000000000000000000000000000000000000000000000000000000000000000000000000000000000000000000000000000000000000000000000000000000000000000000000000000000000000000000000000000000000000000000000000000000000000000000000000000000000000000000370000000000000000000000000000000000000000000000000000000000008000000000000065000000000000000000000000000000000000000000010000000000000000
171	61109948	2B000000000000000000000000000D00000000000000000000000000000000000A00070000000000010400000000000000000000000000000000000000000000000000000000000000000000000000000000000000000000000000000000000000000000000000000000000000000000000000000000000000000000000000000000000000000000000000000000000000000000000000000000000000000000000000000000000000000000000000000000000000000000000000370000000000000000000000000000000000000000000000000000000000008000000000000066000000000000000000000000000000000000000000000000000000000000
172	61467314	2A000000000000000000000000000D00000000000000000000000000000000000A00070000000000010400000000000000000000000000000000000000000000000000000000000000000000000000000000000000000000000000000000000000000000000000000000000000000000000000000000000000000000000000000000000000000000000000000000000000000000000000000000000000000000000000000000000000000000000000000000000000000000000000370000000000000000000000000000000000000000000000000000000000008000000000000067000000000000000000000000000000000000000000010000000000000000
173	61824686	29000000000000000000000000000D00000000000000000000000000000000000A00070000000000010400000000000000000000000000000000000000000000000000000000000000000000000000000000000000000000000000000000000000000000000000000000000000000000000000000000000000000000000000000000000000000000000000000000000000000000000000000000000000000000000000000000000000000000000000000000000000000000000000370000000000000000000000000000000000000000000000000000000000008000000000000068000000000000000000000000000000000000000000000000000000000000
174	62182034	28000000000000000000000000000D00000000000000000000000000000000000A00070000000000010400000000000000000000000000000000000000000000000000000000000000000000000000000000000000000000000000000000000000000000000000000000000000000000000000000000000000000000000000000000000000000000000000000000000000000000000000000000000000000000000000000000000000000000000000000000000000000000000000370000000000000000000000000000000000000000000000000000000000008000000000000069000000000000000000000000000000000000000000010000000000000000
175	62539424	27000000000000000000000000000D00000000000000000000000000000000000A0007000000000001040000000000000000000000000000000000000000000000000000000000000000000000000000000000000000000000000000000000000000000000000000000000000000000000000000000000000000000000000000000000000000000000000000000000000000000000000000000000000000000000000000000000000000000000000000000000000000000000000037000000000000000000000000000000000000000000000000000000000000800000000000006A000000000000000000000000000000000000000000000000000000000000
176	62896772	26000000000000000000000000000D00000000000000000000000000000000000A0007000000000001040000000000000000000000000000000000000000000000000000000000000000000000000000000000000000000000000000000000000000000000000000000000000000000000000000000000000000000000000000000000000000000000000000000000000000000000000000000000000000000000000000000000000000000000000000000000000000000000000037000000000000000000000000000000000000000000000000000000000000800000000000006B000000000000000000000000000000000000000000010000000000000000
177	63254138	25000000000000000000000000000D00000000000000000000000000000000000A0007000000000001040000000000000000000000000000000000000000000000000000000000000000000000000000000000000000000000000000000000000000000000000000000000000000000000000000000000000000000000000000000000000000000000000000000000000000000000000000000000000000000000000000000000000000000000000000000000000000000000000037000000000000000000000000000000000000000000000000000000000000800000000000006C000000000000000000000000000000000000000000000000000000000000
178	63611510	24000000000000000000000000000D00000000000000000000000000000000000A0007000000000001040000000000000000000000000000000000000000000000000000000000000000000000000000000000000000000000000000000000000000000000000000000000000000000000000000000000000000000000000000000000000000000000000000000000000000000000000000000000000000000000000000000000000000000000000000000000000000000000000037000000000000000000000000000000000000000000000000000000000000800000000000006D000000000000000000000000000000000000000000010000000000000000
179	63968876	23000000000000000000000000000D00000000000000000000000000000000000A0007000000000001040000000000000000000000000000000000000000000000000000000000000000000000000000000000000000000000000000000000000000000000000000000000000000000000000000000000000000000000000000000000000000000000000000000000000000000000000000000000000000000000000000000000000000000000000000000000000000000000000037000000000000000000000000000000000000000000000000000000000000800000000000006E000000000000000000000000000000000000000000000000000000000000
180	64326248	22000000000000000000000000000D00000000000000000000000000000000000A0007000000000001040000000000000000000000000000000000000000000000000000000000000000000000000000000000000000000000000000000000000000000000000000000000000000000000000000000000000000000000000000000000000000000000000000000000000000000000000000000000000000000000000000000000000000000000000000000000000000000000000037000000000000000000000000000000000000000000000000000000000000800000000000006F000000000000000000000000000000000000000000010000000000000000
181	64683614	21000000000000000000000000000D00000000000000000000000000000000000A00070000000000010400000000000000000000000000000000000000000000000000000000000000000000000000000000000000000000000000000000000000000000000000000000000000000000000000000000000000000000000000000000000000000000000000000000000000000000000000000000000000000000000000000000000000000000000000000000000000000000000000370000000000000000000000000000000000000000000000000000000000008000000000000070000000000000000000000000000000000000000000000000000000000000
182	65040986	20000000000000000000000000000D00000000000000000000000000000000000A00070000000000010400000000000000000000000000000000000000000000000000000000000000000000000000000000000000000000000000000000000000000000000000000000000000000000000000000000000000000000000000000000000000000000000000000000000000000000000000000000000000000000000000000000000000000000000000000000000000000000000000370000000000000000000000000000000000000000000000000000000000008000000000000071000000000000000000000000000000000000000000010000000000000000
183	65398352	1F000000000000000000000000000D00000000000000000000000000000000000A00070000000000010400000000000000000000000000000000000000000000000000000000000000000000000000000000000000000000000000000000000000000000000000000000000000000000000000000000000000000000000000000000000000000000000000000000000000000000000000000000000000000000000000000000000000000000000000000000000000000000000000370000000000000000000000000000000000000000000000000000000000008000000000000072000000000000000000000000000000000000000000000000000000000000
184	65755724	1E000000000000000000000000000D00000000000000000000000000000000000A00070000000000010400000000000000000000000000000000000000000000000000000000000000000000000000000000000000000000000000000000000000000000000000000000000000000000000000000000000000000000000000000000000000000000000000000000000000000000000000000000000000000000000000000000000000000000000000000000000000000000000000370000000000000000000000000000000000000000000000000000000000008000000000000073000000000000000000000000000000000000000000010000000000000000
185	66113090	1D000000000000000000000000000D00000000000000000000000000000000000A00070000000000010400000000000000000000000000000000000000000000000000000000000000000000000000000000000000000000000000000000000000000000000000000000000000000000000000000000000000000000000000000000000000000000000000000000000000000000000000000000000000000000000000000000000000000000000000000000000000000000000000370000000000000000000000000000000000000000000000000000000000008000000000000074000000000000000000000000000000000000000000000000000000000000
186	66470462	1C000000000000000000000000000D00000000000000000000000000000000000A00070000000000010400000000000000000000000000000000000000000000000000000000000000000000000000000000000000000000000000000000000000000000000000000000000000000000000000000000000000000000000000000000000000000000000000000000000000000000000000000000000000000000000000000000000000000000000000000000000000000000000000370000000000000000000000000000000000000000000000000000000000008000000000000075000000000000000000000000000000000000000000010000000000000000
187	66827828	1B000000000000000000000000000D00000000000000000000000000000000000A00070000000000010400000000000000000000000000000000000000000000000000000000000000000000000000000000000000000000000000000000000000000000000000000000000000000000000000000000000000000000000000000000000000000000000000000000000000000000000000000000000000000000000000000000000000000000000000000000000000000000000000370000000000000000000000000000000000000000000000000000000000008000000000000076000000000000000000000000000000000000000000000000000000000000
188	67185200	1A000000000000000000000000000D00000000000000000000000000000000000A00070000000000010400000000000000000000000000000000000000000000000000000000000000000000000000000000000000000000000000000000000000000000000000000000000000000000000000000000000000000000000000000000000000000000000000000000000000000000000000000000000000000000000000000000000000000000000000000000000000000000000000370000000000000000000000000000000000000000000000000000000000008000000000000077000000000000000000000000000000000000000000010000000000000000
189	67542556	19000000000000000000000000000D00000000000000000000000000000000000A00070000000000010400000000000000000000000000000000000000000000000000000000000000000000000000000000000000000000000000000000000000000000000000000000000000000000000000000000000000000000000000000000000000000000000000000000000000000000000000000000000000000000000000000000000000000000000000000000000000000000000000370000000000000000000000000000000000000000000000000000000000008000000000000078000000000000000000000000000000000000000000000000000000000000
190	67899928	18000000000000000000000000000D00000000000000000000000000000000000A00070000000000010400000000000000000000000000000000000000000000000000000000000000000000000000000000000000000000000000000000000000000000000000000000000000000000000000000000000000000000000000000000000000000000000000000000000000000000000000000000000000000000000000000000000000000000000000000000000000000000000000370000000000000000000000000000000000000000000000000000000000008000000000000079000000000000000000000000000000000000000000010000000000000000
191	68257294	17000000000000000000000000000D00000000000000000000000000000000000A0007000000000001040000000000000000000000000000000000000000000000000000000000000000000000000000000000000000000000000000000000000000000000000000000000000000000000000000000000000000000000000000000000000000000000000000000000000000000000000000000000000000000000000000000000000000000000000000000000000000000000000037000000000000000000000000000000000000000000000000000000000000800000000000007A000000000000000000000000000000000000000000000000000000000000
192	68614666	16000000000000000000000000000D00000000000000000000000000000000000A0007000000000001040000000000000000000000000000000000000000000000000000000000000000000000000000000000000000000000000000000000000000000000000000000000000000000000000000000000000000000000000000000000000000000000000000000000000000000000000000000000000000000000000000000000000000000000000000000000000000000000000037000000000000000000000000000000000000000000000000000000000000800000000000007B000000000000000000000000000000000000000000010000000000000000
193	68972032	15000000000000000000000000000D00000000000000000000000000000000000A0007000000000001040000000000000000000000000000000000000000000000000000000000000000000000000000000000000000000000000000000000000000000000000000000000000000000000000000000000000000000000000000000000000000000000000000000000000000000000000000000000000000000000000000000000000000000000000000000000000000000000000037000000000000000000000000000000000000000000000000000000000000800000000000007C000000000000000000000000000000000000000000000000000000000000
194	69329404	14000000000000000000000000000D00000000000000000000000000000000000A0007000000000001040000000000000000000000000000000000000000000000000000000000000000000000000000000000000000000000000000000000000000000000000000000000000000000000000000000000000000000000000000000000000000000000000000000000000000000000000000000000000000000000000000000000000000000000000000000000000000000000000037000000000000000000000000000000000000000000000000000000000000800000000000007D000000000000000000000000000000000000000000010000000000000000
195	69686770	13000000000000000000000000000D00000000000000000000000000000000000A0007000000000001040000000000000000000000000000000000000000000000000000000000000000000000000000000000000000000000000000000000000000000000000000000000000000000000000000000000000000000000000000000000000000000000000000000000000000000000000000000000000000000000000000000000000000000000000000000000000000000000000037000000000000000000000000000000000000000000000000000000000000800000000000007E000000000000000000000000000000000000000000000000000000000000
196	70044142	12000000000000000000000000000D00000000000000000000000000000000000A0007000000000001040000000000000000000000000000000000000000000000000000000000000000000000000000000000000000000000000000000000000000000000000000000000000000000000000000000000000000000000000000000000000000000000000000000000000000000000000000000000000000000000000000000000000000000000000000000000000000000000000037000000000000000000000000000000000000000000000000000000000000800000000000007F000000000000000000000000000000000000000000010000000000000000
197	70401508	11000000000000000000000000000D00000000000000000000000000000000000A00070000000000010400000000000000000000000000000000000000000000000000000000000000000000000000000000000000000000000000000000000000000000000000000000000000000000000000000000000000000000000000000000000000000000000000000000000000000000000000000000000000000000000000000000000000000000000000000000000000000000000000370000000000000000000000000000000000000000000000000000000000008000000000000080000000000000000000000000000000000000000000000000000000000000
198	70758880	10000000000000000000000000000D00000000000000000000000000000000000A00070000000000010400000000000000000000000000000000000000000000000000000000000000000000000000000000000000000000000000000000000000000000000000000000000000000000000000000000000000000000000000000000000000000000000000000000000000000000000000000000000000000000000000000000000000000000000000000000000000000000000000370000000000000000000000000000000000000000000000000000000000008000000000000081000000000000000000000000000000000000000000010000000000000000
199	71116246	0F000000000000000000000000000D00000000000000000000000000000000000A00070000000000010400000000000000000000000000000000000000000000000000000000000000000000000000000000000000000000000000000000000000000000000000000000000000000000000000000000000000000000000000000000000000000000000000000000000000000000000000000000000000000000000000000000000000000000000000000000000000000000000000370000000000000000000000000000000000000000000000000000000000008000000000000082000000000000000000000000000000000000000000000000000000000000
200	71473618	0E000000000000000000000000000D00000000000000000000000000000000000A00070000000000010400000000000000000000000000000000000000000000000000000000000000000000000000000000000000000000000000000000000000000000000000000000000000000000000000000000000000000000000000000000000000000000000000000000000000000000000000000000000000000000000000000000000000000000000000000000000000000000000000370000000000000000000000000000000000000000000000000000000000008000000000000083000000000000000000000000000000000000000000010000000000000000
